"MCL1","MYCN","GLI2","EGFR","CDK6","MET","FGFR1","MYC","CDKN2A.B","PTCH1","PTEN","CCND1","KRAS","CDK4","MDM2","RB1","TP53","NF1","ERBB2","CCNE1","Sample_Name"
0.082,0.253,-0.004,0.212,0.249,0.301,0.17,0.245,-0.158,0.013,0.122,-0.005,-0.049,-0.025,0.133,-0.106,-0.051,-0.115,0.041,0.129,"TCGA-DU-6407"
0.07,0.037,0.002,-0.098,-0.013,-0.104,0.036,0.17,0.086,-0.009,0.092,-0.025,-0.021,-0.031,0.013,-0.138,0.004,-0.184,0.078,0.045,"TCGA-CS-6290"
0.11,0.099,0.003,-0.024,0.29,0.186,0.001,0.127,0.162,-0.031,0.193,0.014,-0.131,0.108,0.085,-0.068,0.077,-0.217,0.091,0.014,"TCGA-DU-5872"
0.035,0.049,-0.034,-0.089,0.26,0.279,0.027,0.051,0.093,-0.03,0.1,-0.031,-0.054,-0.049,0.191,-0.015,0.005,-0.097,0.114,-0.025,"TCGA-DU-5849"
0.013,0.09,0.023,-0.042,0.053,-0.035,-0.069,0.037,-0.859,0.032,-0.116,-0.013,-0.027,-0.078,0.062,-0.334,0.017,-0.107,0.039,0.039,"TCGA-DU-5847"
0.025,0.091,0.042,0.061,0.166,0.178,0.012,0.072,0.023,0.035,0.085,-0.017,-0.103,-0.031,0.152,0.007,0.046,-0.164,-0.023,0.03,"TCGA-DU-6404"
0.05,-0.093,-0.018,-0.073,-0.045,0.044,0.016,0.198,0.184,-0.004,0.089,0.127,-0.213,-0.057,-0.07,-0.059,0.023,-0.106,0.02,0.077,"TCGA-DU-5871"
0.08,0.088,0.007,-0.075,0.005,-0.005,0.018,0.061,-0.031,0.035,0.082,0.144,-0.147,0.009,0.088,-0.008,0.034,-0.117,0.026,-0.072,"TCGA-DU-6393"
0.061,0.04,0.002,0.917,-0.05,0.006,0.018,0.081,-0.836,0.076,-0.148,0.057,-0.012,-0.032,0.124,-0.321,0.034,-0.095,-0.003,0.06,"TCGA-DU-5852"
0.105,0.032,-0.025,0.172,0.261,0.242,0.012,0.046,0.07,0.007,0.092,0.098,-0.104,-0.075,0.119,-0.043,-0.015,-0.113,0.028,-0.009,"TCGA-DU-6392"
-0.019,0.039,-0.003,0.018,0.188,-0.011,0.051,0.071,-0.223,0.044,0.127,-0.077,-0.006,-0.042,0.09,-0.153,-0.003,-0.158,-0.033,-0.036,"TCGA-FG-5963"
-0.04,0.091,-0.032,0.188,0.233,0.188,-0.011,0.096,-0.064,-0.026,0.12,0.013,0.215,-0.049,0.009,-0.015,0.016,-0.223,-0.002,0.041,"TCGA-DU-6395"
0.055,0.042,-0.001,-0.055,-0.03,-0.06,0.056,0.093,0.073,0.049,0.103,0.188,-0.024,-0.035,0.141,-0.038,0.031,-0.22,0.013,0.063,"TCGA-DU-5870"
-0.111,0.11,0.001,0.001,0.073,0.004,-0.057,0.189,-0.125,0.06,0.131,0.055,-0.094,0.006,0.099,-0.303,-0.027,-0.118,0.011,-0.106,"TCGA-FG-5964"
0.075,0.077,0,-0.068,0.023,-0.056,0.026,0.042,0.05,0.041,0.066,0.018,-0.115,-0.032,0.13,0.014,0.027,-0.164,0.018,-0.244,"TCGA-DU-5874"
0.006,0.022,-0.013,0.876,0.179,0.138,-0.006,0.029,-0.277,0.044,-0.045,0.017,-0.052,-0.024,0.047,0.024,0.005,-0.072,0.043,0.199,"TCGA-DU-5854"
0.031,0.026,-0.081,-0.031,-0.026,0.002,-0.038,0.263,0.074,-0.002,0.099,-0.003,-0.003,-0.033,0.065,-0.078,-0.007,-0.137,-0.006,-0.006,"TCGA-DU-6408"
0.052,0.035,-0.035,1.097,0.171,0.307,-0.003,0.065,-0.156,0.057,-0.164,0.038,-0.036,0.483,0.053,0.053,0.049,-0.042,0.028,-0.006,"TCGA-DU-6403"
0.02,0.021,0,1.113,0.209,0.26,0.018,0.033,-0.817,0.012,-0.167,-0.019,-0.003,0.064,0.112,0.026,-0.014,-0.073,-0.425,0.226,"TCGA-19-5950"
0.063,0.052,-0.042,0.073,0.173,0.169,0.025,0.045,-0.057,-0.009,0.049,0,-0.09,-0.052,0.089,0.068,-0.016,-0.154,0.041,0.039,"TCGA-28-2510"
0.038,0.071,0.038,0.172,0.254,0.374,-0.11,0.026,-0.888,0.042,-0.252,0.017,-0.072,0.228,-0.027,-0.311,0.027,-0.081,-0.037,0.03,"TCGA-06-5859"
0.063,0.313,-0.091,1.124,0.149,0.202,0.015,0.049,-0.024,0.027,-0.162,-0.212,0.12,0.69,1.33,-0.297,0.011,-0.038,0.025,0.034,"TCGA-06-5856"
0.109,0.03,0.019,0.048,0.088,0.074,0.023,0.058,-0.005,-0.058,0.06,-0.032,-0.045,-0.046,0.217,-0.033,0.009,-0.112,-0.008,-0.055,"TCGA-06-5412"
0.046,0.055,0.066,0.212,0.279,0.294,-0.031,0.063,0.078,0.041,-0.207,-0.311,-0.06,0.651,-0.443,0.11,0.013,0.022,0.03,0.039,"TCGA-19-5960"
0.079,0.05,0.012,0.155,0.221,0.252,0.016,0.023,0.028,0.018,-0.129,-0.019,-0.112,0.399,0.71,0.049,0.025,-0.079,-0.031,0.077,"TCGA-06-6390"
0.051,0.067,-0.021,0.134,0.157,0.235,0.011,0.069,-0.261,0.039,-0.042,0.011,0.007,-0.036,0.085,-0.153,-0.002,-0.447,-0.177,0.015,"TCGA-19-5947"
0.107,-0.024,-0.009,0.034,0.023,0.059,0.036,0.3,0.027,0.052,0.093,0.013,0.23,-0.332,-0.32,-0.134,0.044,-0.157,0.066,0.139,"TCGA-06-6389"
0.025,0.061,-0.01,1.239,0.238,0.267,0.012,0.063,-1.541,0.074,-0.171,-0.032,-0.079,-0.015,0.015,0.059,0.017,-0.17,0.025,0.026,"TCGA-19-5959"
0.035,0.127,-0.029,1.284,0.239,0.249,-0.13,-0.075,-0.648,0.063,0.011,0.03,0.095,0,0.267,-0.05,-0.004,-0.174,-0.069,0.247,"TCGA-32-1979"
0.107,0.057,-0.01,-0.029,0.058,0.103,0.057,0.067,0.1,0.049,0.1,0.034,-0.022,0.006,0.157,0.063,0.016,-0.124,0.025,0.028,"TCGA-06-5410"
0.133,0.233,-0.001,0.02,0.006,0.115,-0.035,0.066,0.005,0,0.161,0.047,-0.026,0.048,0.143,0.067,-0.335,-0.278,0.07,0.132,"TCGA-26-1442"
0.01,0.092,0.021,0.142,0.054,0.181,-0.134,-0.006,-0.132,0.027,-0.016,0.03,-0.095,-0.009,0.115,-0.068,-0.002,-0.195,0.016,0.095,"TCGA-19-5955"
0.041,0.049,0.015,0.219,0.263,0.305,0.008,0.036,-0.789,-0.094,0.114,0.02,-0.067,-0.004,0.095,0.073,-0.01,-0.187,-0.145,0.078,"TCGA-19-5958"
0.074,0.051,0.014,0.259,0.249,0.283,-0.044,-0.025,-0.318,0.069,-0.095,-0.013,-0.028,-0.006,0.198,0.073,0.05,-0.01,0.044,-0.057,"TCGA-06-5411"
-0.009,0.026,0.019,1.162,0.191,0.191,-0.003,0.01,-0.466,-0.045,-0.095,-0.001,-0.07,-0.008,0.09,0.025,-0.021,-0.091,0.013,0.085,"TCGA-76-6282"
0.122,-0.008,0.001,0.304,0.423,0.48,0.047,0.048,0.087,0.002,0.073,-0.045,-0.056,-0.043,0.11,0.048,0.056,-0.073,-0.039,0.083,"TCGA-06-5858"
0.103,0.072,0.063,1.303,0.151,0.269,0.011,0.04,-0.741,0.004,-0.101,0.038,-0.036,0.009,0.137,0.002,0.018,-0.146,-0.111,0.039,"TCGA-19-5952"
0.083,-0.113,-0.126,0.014,-0.032,0.072,0.01,0.051,-2.905,0.04,-0.09,0.01,-0.017,-0.01,0.181,0.062,0.007,-0.055,-0.01,-0.05,"TCGA-19-5956"
0.072,0.061,0.002,1.145,0.259,0.42,0.009,0.013,-1.041,0.033,-0.128,0.021,-0.034,-0.02,0.125,0.066,0.014,-0.132,-0.038,0.14,"TCGA-19-5954"
0.059,0.003,-0.01,0.009,0.009,0.077,-0.016,0.061,0.051,0.041,-0.196,0.027,-0.144,0.619,-0.048,-0.158,0.036,-0.142,0.03,0.029,"TCGA-76-6193"
0.087,0.111,-0.02,-0.057,-0.088,0.409,0.035,0.038,-0.163,0.058,0.137,0.01,-0.035,0.261,0.574,0.057,0.006,-0.047,-0.045,-0.01,"TCGA-06-6391"
0.122,0.076,-0.018,0.053,0.103,0.151,-0.013,0.063,0.091,0.075,0.101,-0.007,-0.002,0.054,0.233,0.054,0,-0.22,-0.042,0.057,"TCGA-32-1980"
0.062,-0.014,0.018,1.106,0.179,0.351,0.029,0.007,-1.182,-0.024,-0.22,-0.003,-0.102,0.006,0.073,-0.016,0.022,-0.044,-0.019,0.231,"TCGA-87-5896"
0.073,0.079,0.019,-0.017,0.571,0.121,-0.002,-0.013,-0.012,-0.02,-0.099,-0.002,0.007,0.097,0.09,-0.251,0.03,-0.165,0.079,0.12,"TCGA-15-1444"
0.088,0.04,0.014,0.286,0.174,0.355,0.017,0.014,-1.825,0.054,-0.266,-0.033,-0.018,-0.01,0.149,0.028,0.028,-0.006,0.011,0.032,"TCGA-76-6191"
0.1,0.013,0.026,0.193,0.269,0.33,0.034,0.031,-0.184,0.028,-0.107,-0.03,-0.034,-0.015,0.13,-0.303,0.001,-0.086,-0.033,-0.001,"TCGA-06-1804"
0.126,0.055,0.04,0.427,0.474,0.38,-0.065,-0.057,-1.778,0.108,-0.26,-0.065,-0.023,-0.015,0.186,-0.009,-0.028,-0.103,-0.026,0.074,"TCGA-06-5408"
0.14,0.068,0.007,0.216,0.295,0.312,-0.015,0.06,-1.414,0.105,-0.214,0.027,-0.114,-0.09,0.106,-0.338,-0.424,-0.665,-0.366,-0.002,"TCGA-76-6285"
0.111,0.121,0.019,0.924,0.14,0.171,-0.039,0.008,-0.057,0.065,0.074,0.029,-0.09,-0.063,0.136,-0.084,-0.046,-0.213,0.013,0.092,"TCGA-28-2501"
0.138,0.012,-0.021,1.302,-0.045,-0.043,-0.054,-0.019,-2.059,0.108,-0.177,0.02,0.082,-0.219,0.226,0.004,0.056,-0.205,-0.002,0.274,"TCGA-19-5951"
0.039,0.032,0.031,0.294,0.277,0.322,0.018,0.057,-0.912,0.023,-0.159,-0.008,-0.004,0.02,0.132,0.039,0.03,-0.141,-0.04,0.029,"TCGA-28-6450"
0.195,0.17,0.026,0.069,0.12,0.178,0.038,-0.117,-0.073,0.061,0.126,-0.054,-0.091,-0.095,0.212,0.052,0.144,-0.188,-0.014,0.058,"TCGA-14-0781"
0.045,0.073,0.013,0.195,0.116,0.216,0.008,0.005,-0.353,0.103,-0.035,0.014,-0.029,-0.011,0.15,-0.178,-0.017,-0.182,-0.05,0.058,"TCGA-76-6192"
0.032,0.067,-0.002,1.046,0.067,0.11,0.046,0.063,-0.06,-0.007,0.04,-0.018,-0.082,-0.035,0.115,0.024,0.014,-0.154,-0.023,0.078,"TCGA-06-0650"
0.078,0.02,-0.026,1.272,0.276,0.304,0.04,0.06,-1.796,0.026,-0.227,0.022,-0.059,0.04,0.073,0.063,0.032,-0.117,-0.063,0.299,"TCGA-DU-6406"
-0.038,0.095,0.045,1.178,0.308,0.3,-0.02,0.066,-1.811,0.062,-0.203,0.035,-0.096,-0.036,0.067,0.013,-0.055,-0.117,-0.052,-0.073,"TCGA-81-5910"
0.039,-0.091,0.003,-0.023,-0.059,0.041,-0.004,0.051,0.114,0.068,-0.01,-0.019,-0.056,-0.029,0.136,0.02,0.017,-0.14,0.007,0.008,"TCGA-DU-6396"
0.205,0.021,0.029,0.174,0.234,0.302,0.002,0.29,0.162,0.116,-0.248,0.016,-0.116,0.69,0.013,0.009,-0.427,-0.216,-0.013,0.29,"TCGA-41-5651"
0.062,0.044,-0.026,-0.047,0.081,0.164,0.015,0.101,-0.093,0.037,0.132,-0.027,-0.03,-0.03,0.068,-0.008,0.024,-0.183,-0.025,-0.014,"TCGA-DU-5855"
0.012,0.112,0.013,1.246,0.123,0.139,0.025,-0.028,-0.822,0.148,-0.12,-0.061,-0.109,-0.076,0.024,0.041,-0.048,-0.147,-0.062,0.1,"TCGA-06-5413"
0.137,0.14,0.011,-0.003,0.129,0.254,0.028,0.101,-0.103,0.007,0.12,0.028,-0.018,0.038,0.079,-0.223,0.012,-0.205,0.05,0.052,"TCGA-DU-6399"
0.085,0.084,-0.007,-0.03,0.012,0.087,0.023,0.082,0.075,-0.003,0.071,0.027,-0.056,0.009,0.17,-0.41,-0.025,-0.241,-0.009,-0.183,"TCGA-DU-6400"
0.058,0.076,-0.002,0.004,0.032,0.013,0.172,0.079,0.109,-0.069,0.122,0.022,-0.04,-0.137,-0.116,0.098,-0.282,-0.179,0.093,0.114,"TCGA-DU-6401"
0.089,0.22,0.035,0.507,0.25,0.144,-0.004,0.12,-1.53,0.009,-0.157,-0.025,-0.103,-0.056,0.032,-0.123,0.058,-0.293,0.019,0.202,"TCGA-DU-6405"
0.098,0.034,0.046,0.379,0.335,0.454,0.108,0.149,-0.142,-0.062,-0.32,-0.017,-0.125,0.006,0.028,-0.402,0.064,-0.038,0.004,0.063,"TCGA-28-5219"
0.107,-0.004,0.021,0.26,0.2,0.343,-0.036,-0.054,-1.799,0.003,-0.378,-0.071,-0.246,0.978,0.078,-0.571,-0.004,-0.11,0.002,0.155,"TCGA-76-4935"
0.111,0.03,0.09,1.512,0.177,0.307,-0.003,-0.037,-1.724,-0.07,-0.316,-0.015,-0.164,0.044,0.156,0.087,0.022,-0.115,-0.001,0.241,"TCGA-26-5139"
0.058,-0.104,0.018,1.192,-0.142,0.079,0.057,-0.061,-2.197,-0.122,-0.535,-0.057,-0.177,0.075,0.014,0.003,0.077,-0.034,0.029,0.48,"TCGA-28-5208"
0.187,-0.074,-0.024,0.034,-0.042,1.713,-0.007,-0.17,-2.316,0.028,-0.323,-0.413,-0.239,-0.032,0.024,-0.124,-0.44,-0.191,-0.116,0.155,"TCGA-76-4934"
0.036,-0.004,0.069,0.161,0.115,0.204,0.007,-0.095,-0.342,-0.094,-0.465,0.024,-0.098,0.018,0.109,0.004,-0.001,-0.064,0.005,0.16,"TCGA-28-5213"
0.271,-0.038,0.051,1.413,0.095,0.31,0.004,-0.08,-1.801,-0.068,-0.523,-0.057,0.031,0.207,0.199,0.011,0.032,-0.013,0.004,0.346,"TCGA-32-5222"
0.104,-0.184,-0.123,0.026,-0.202,0.068,0.034,-0.062,0.14,-0.086,-0.088,-0.046,-0.087,0.043,0.053,-0.126,-0.032,0.104,0.029,0.068,"TCGA-06-5416"
0.062,0.094,0.042,1.451,0.146,0.328,0.01,-0.058,-2.916,-0.118,-0.391,-0.004,-0.177,0,0.028,-0.006,-0.021,-0.108,0.012,0.086,"TCGA-76-4931"
0.248,-0.094,-0.031,0.381,0.244,0.344,-0.097,-0.185,-0.152,-0.193,-0.347,0.005,0.017,1.074,0.331,0.076,-0.016,0.076,0.061,0.243,"TCGA-28-5207"
0.23,-0.015,0.092,-0.03,-0.241,0.448,0.026,-0.003,-2.473,-0.01,-0.448,-0.206,-0.277,-0.059,0.056,-0.235,-0.061,-0.027,-0.039,0.095,"TCGA-28-5216"
0.099,-0.123,0.011,1.648,0.419,0.635,0.008,-0.106,-2.944,0.238,-0.641,-0.038,-0.216,0.126,0.007,0.006,-0.107,0.112,-0.004,0.228,"TCGA-12-5299"
0.102,-0.062,-0.002,0.281,0.273,0.492,0.022,-0.032,-1.815,-0.173,-0.508,-0.074,-0.185,-0.039,0.079,-0.019,0.069,0.016,-0.025,0.069,"TCGA-06-5418"
0.141,-0.016,0.003,0.123,0.12,0.221,-0.041,-0.069,-0.649,-0.032,-0.029,-0.003,-0.109,0.119,0.14,0.054,0.062,-0.13,-0.005,0.21,"TCGA-76-4928"
0.069,-0.008,0.022,0.24,0.182,0.33,-0.028,-0.019,-3.246,-0.104,-0.41,0.006,-0.144,0.01,0.056,-0.022,-0.529,-0.059,-0.003,-0.32,"TCGA-76-4925"
0.053,-0.087,0.015,1.173,0.118,0.292,0.042,-0.068,-1.688,-0.143,-0.464,-0.067,-0.285,-0.057,-0.026,-0.486,0.019,0.025,-0.036,0.113,"TCGA-12-5295"
0.105,-0.071,-0.43,0.241,0.141,0.323,0.015,-0.52,-2.527,-0.095,-0.554,-0.07,-0.197,-0.014,0.022,-0.055,0.033,-0.034,-0.041,0.086,"TCGA-12-5301"
0.044,0,0.018,0.044,0.227,0.068,0.044,-0.043,-2.33,-0.601,-0.513,-0.034,-0.248,-0.028,0.019,-0.074,0.034,0.059,-0.018,0.084,"TCGA-28-5220"
0.103,0.063,0.021,0.059,-0.099,-0.006,0.016,-0.063,-2.539,-0.118,-0.349,0.004,-0.168,0.012,0.089,0.015,0.025,-0.021,0.035,0.068,"TCGA-26-5134"
0.048,-0.008,0.007,1.476,0.198,0.253,0.002,-0.062,-1.697,-0.021,-0.358,-0.074,0.068,0.143,0.17,0.033,0.013,-0.062,-0.008,0.356,"TCGA-06-5415"
0.119,-0.161,-0.049,-0.04,-0.1,0.127,0.115,0.189,-0.544,-0.02,-1.352,-0.084,-0.297,-0.019,0.066,-0.36,-0.307,0.049,0.076,-0.091,"TCGA-28-5215"
0.14,0.059,0.037,0.221,0.191,0.232,0.024,-0.077,-0.053,-0.024,-0.324,-0.033,-0.158,1.063,1.916,0.034,0.022,-0.031,0.059,0.007,"TCGA-26-5135"
0.105,0.031,0.028,1.151,0.224,0.353,-0.014,-0.025,-1.775,-0.174,-1.37,-0.003,-0.148,0.019,0.12,-0.005,0.035,-0.104,-0.086,0.142,"TCGA-76-4926"
0.294,0.076,0.022,1.461,0.169,0.329,-0.008,-0.011,-2.33,-0.095,-0.329,-0.089,-0.125,0.014,0.212,0.041,0.041,-0.081,0.016,0.172,"TCGA-76-4932"
0.152,0.052,0.009,0.229,0.154,0.236,-0.057,-0.051,0.004,0.015,-0.313,-0.007,-0.649,-0.239,-0.169,-0.135,0.058,-0.04,-0.018,-0.117,"TCGA-26-5136"
0.055,0.073,0.008,1.435,0.121,0.28,-0.027,-0.095,-0.221,-0.024,-0.371,-0.224,-0.219,1.22,1.994,-0.015,0.02,-0.042,-0.249,0.433,"TCGA-28-5214"
0.077,-0.048,0.017,1.38,0.157,0.387,0.025,-0.018,-1.366,-0.032,-0.416,-0.04,-0.178,0.008,0.029,-0.221,0.09,-0.008,-0.052,0.328,"TCGA-06-5414"
0.169,0.029,0.03,0.149,0.06,0.243,0.01,-0.017,-2.193,-0.065,-0.319,-0.068,-0.257,-0.013,0.085,-0.495,0.078,-0.013,0.067,-0.261,"TCGA-76-4929"
0.122,-0.516,0.024,1.115,0.143,0.361,-0.029,-0.077,-0.139,-0.135,-0.345,-0.025,-0.727,-0.321,1.902,-0.421,0.004,-0.092,-0.035,0.034,"TCGA-26-5132"
0.092,0.066,0.02,1.461,0.344,0.507,0.006,0.572,-1.147,-0.031,-0.194,0.002,-0.183,-0.018,0.059,0.044,-0.226,-0.078,-0.042,0.376,"TCGA-76-4927"
0.335,0.023,0.027,-0.004,-0.132,0.436,0.016,-0.026,-0.636,-0.115,-0.087,-0.104,-0.372,0.138,-0.003,-0.564,0.066,0.037,0.177,0.137,"TCGA-06-5417"
0.366,0.054,0.063,0.397,0.348,0.592,0.365,0.363,-0.797,-0.283,-0.111,-0.101,-0.021,0.165,0.22,-0.107,0.154,0.163,0.067,0.22,"TCGA-28-5218"
0.072,-0.085,0.001,1.196,0.259,0.339,0.036,-0.084,-3.179,-0.079,-0.537,-0.081,-0.177,0.587,0.014,-0.026,0.019,0.001,-0.04,0.382,"TCGA-28-5209"
0.122,0.028,-0.003,1.207,0.324,0.646,-0.388,0.09,-2.492,-0.526,-0.52,-0.016,-0.782,0.023,0.015,-0.036,0.017,-0.069,-0.028,0.159,"TCGA-28-5204"
0.102,0.823,0.09,0.072,-0.081,0.144,0.06,0.535,-0.053,-0.103,-0.438,-0.041,-0.123,0.045,0.208,-0.375,-0.61,-0.766,0.167,0.093,"TCGA-26-5133"
0.005,-0.04,-0.034,-0.063,-0.06,-0.011,0.015,0.031,-0.117,-0.129,-0.012,-0.075,-0.082,0.017,0.044,-0.07,0.08,0.042,0.091,0.131,"TCGA-DB-5280"
0.053,0.071,-0.035,-0.099,-0.036,0.054,0.018,0.087,-0.36,-0.228,-0.158,-0.033,-0.282,-0.123,-0.056,-0.028,0.085,0.042,0.125,-0.348,"TCGA-DB-5279"
0.014,-0.022,-0.073,-0.032,-0.044,0.013,0.075,0.051,-0.095,-0.018,0.001,0.133,-0.119,-0.025,0.058,-0.069,0.103,0.045,0.145,-0.359,"TCGA-CS-5396"
0.161,0.137,-0.032,1.108,0.086,0.218,0.018,0.017,-0.08,-0.063,-0.155,-0.037,-0.134,0.762,1.515,-0.055,0.094,-0.015,-0.087,-0.044,"TCGA-CS-4941"
-0.039,-0.064,-0.055,-0.126,-0.039,0.074,0.045,0.058,-0.043,-0.066,0.019,-0.081,-0.071,-0.062,0.048,-0.115,0.074,0.043,0.091,-0.341,"TCGA-CS-5390"
0.14,0.001,-0.037,-0.113,0.179,0.259,0.066,0.054,-0.124,-0.051,0.001,0,-0.079,-0.033,0.039,-0.163,0.063,-0.01,0.079,0.035,"TCGA-E1-5302"
0.039,0.008,-0.025,-0.082,-0.115,-0.026,0.126,0.29,-0.12,-0.132,-0.003,-0.047,-0.133,-0.01,0.048,-0.187,0.082,-0.023,0.082,0.027,"TCGA-E1-5303"
0.042,0.037,-0.1,0.085,-0.071,0.07,-0.019,0.063,-0.139,-0.075,-0.029,0,-0.124,-0.018,0.084,-0.437,0.093,0.079,0.091,0.295,"TCGA-DH-5142"
0,0.03,0.005,0.165,0.178,0.298,0.039,0.099,-1.546,-0.064,-0.348,-0.07,-0.071,-0.035,0.042,-0.027,0.036,0.062,0.001,0.208,"TCGA-CS-5395"
-0.019,-0.058,-0.029,0.321,-0.124,-0.012,0.054,0.265,-0.318,-0.12,-0.024,-0.107,-0.063,-0.013,0.071,-0.087,0.035,-0.046,0.044,0.043,"TCGA-CS-5393"
-0.052,0.041,-0.045,-0.128,-0.045,-0.044,0.111,0.076,-0.137,-0.131,0.007,-0.038,-0.083,0.001,0.129,-0.087,0.075,0.065,0.062,0.251,"TCGA-CS-5394"
0.028,0.031,-0.066,-0.128,-0.015,0.003,0.083,0.031,-0.146,-0.149,0.01,-0.078,-0.102,-0.053,0.074,-0.214,0.124,0.06,0.145,-0.283,"TCGA-E1-5322"
0.016,-0.306,-0.017,-0.022,-0.029,0,0.024,0.391,-0.52,-0.108,-0.312,-0.365,0.123,-0.133,-0.227,-0.478,0.181,-0.06,0.035,0.066,"TCGA-DB-5277"
0.034,-0.023,-0.017,-0.066,-0.052,-0.018,-0.005,0.216,-1.918,-0.129,-0.023,-0.07,0.472,-0.002,0.118,-0.231,0.053,0.046,0.1,0,"TCGA-CS-4943"
-0.034,-0.026,-0.052,0.007,0.089,0.099,0.054,0.056,0.004,-0.08,0.027,-0.113,-0.135,-0.028,0.094,-0.04,0.053,0.092,0.124,0.041,"TCGA-DB-5270"
-0.032,0.026,-0.013,0.144,0.139,0.162,0.054,0.034,-0.07,-0.104,-0.012,-0.061,-0.127,-0.034,0.007,-0.014,0.114,-0.1,0.08,-0.004,"TCGA-CS-4942"
0.021,0.096,0.059,-0.002,-0.007,0.06,-0.018,0.072,-1.117,-0.225,-0.079,0.043,0.008,-0.149,-0.068,-0.162,0.128,0.141,0.099,0.136,"TCGA-E1-5304"
-0.013,0.018,0,-0.106,-0.083,-0.069,0.067,0.045,-0.058,-0.132,-0.005,-0.02,-0.073,0.035,0.077,-0.043,0.078,0.039,0.015,-0.266,"TCGA-DB-5278"
-0.104,0.019,-0.007,-0.109,-0.077,-0.058,0.007,0.049,-0.112,-0.133,-0.003,-0.064,-0.058,-0.005,0.084,-0.006,0.055,0.009,0.081,0.035,"TCGA-DB-5276"
-0.087,-0.034,-0.032,-0.085,-0.075,-0.066,0.029,0.14,-0.559,-0.156,-0.025,-0.038,-0.157,-0.015,0.065,-0.121,0.089,0.049,0.138,0.087,"TCGA-DB-5281"
0.021,-0.001,-0.022,-0.079,-0.113,-0.029,0.062,0.089,-0.123,-0.085,-0.025,-0.077,-0.115,-0.077,0.059,-0.07,0.062,-0.016,0.082,0.021,"TCGA-DH-5143"
-0.036,0.026,-0.092,-0.139,-0.112,-0.087,0.066,0.087,-0.1,-0.127,-0.031,0.015,-0.167,0.013,0.081,-0.11,0.058,0.07,0.155,-0.439,"TCGA-DH-5144"
0.026,0.016,-0.038,0.011,-0.053,-0.082,0.051,0.042,-0.092,-0.073,0.055,-0.059,-0.039,-0.001,0.091,-0.046,0.046,-0.084,0.109,-0.034,"TCGA-CS-4944"
0.011,0.07,0.051,-0.135,-0.106,-0.04,0.071,0.012,0.01,-0.089,-0.058,-0.071,-0.095,-0.011,0.103,-0.129,0.079,0.135,0.11,-0.376,"TCGA-DB-5274"
0.003,0.014,-0.05,-0.131,-0.038,0,0.055,0.064,-0.016,-0.097,-0.102,-0.023,-0.097,0,0.042,-0.075,0.069,-0.006,0.019,-0.37,"TCGA-E1-5311"
-0.021,0.018,-0.041,-0.106,-0.106,-0.057,0.077,0.055,-0.099,-0.183,0.019,0.172,-0.163,0.196,0.093,-0.072,0.076,0.046,0.131,-0.337,"TCGA-E1-5318"
-0.018,0.072,0.026,-0.062,-0.081,-0.024,-0.014,-0.075,-0.458,-0.013,-0.287,-0.137,-0.083,-0.008,0.11,-0.103,0.112,0.084,0.114,-0.02,"TCGA-DH-5140"
-0.043,0.037,-0.051,-0.054,-0.09,-0.054,0.033,0.059,-0.116,-0.11,-0.019,-0.039,0.16,-0.052,0.074,-0.099,0.089,0.001,0.062,0.036,"TCGA-DB-5273"
0.044,-0.012,-0.046,-0.08,-0.089,0.034,0.062,0.033,-0.521,-0.142,-0.011,-0.088,0.088,-0.116,-0.065,-0.505,0.073,0.055,0.118,0.018,"TCGA-DB-5275"
0.05,0.077,-0.027,-0.168,-0.11,-0.036,0.076,0.035,-0.155,-0.142,-0.032,-0.048,-0.125,-0.001,0.046,-0.106,0.077,0.017,0.053,-0.256,"TCGA-DH-5141"
0.096,0.113,-0.052,0.173,0.145,0.23,-0.027,0.096,0.089,-0.066,-0.051,-0.064,0.017,-0.088,0.084,-0.111,0.108,-0.113,0.014,0.046,"TCGA-FG-6691"
0.202,-0.063,-0.073,-0.007,0.059,0.376,-0.026,-0.023,-0.059,-0.017,-0.021,-0.114,0.088,0.063,0.089,-0.029,0.047,-0.064,0.018,0.195,"TCGA-FG-6690"
0.176,-0.064,-0.059,0.009,0.024,0.209,-0.01,-0.048,-0.136,-0.045,-0.021,-0.093,0.016,-0.028,-0.051,0.001,0.077,0.071,-0.009,0.088,"TCGA-DU-6542"
0.125,-0.101,-0.061,-0.006,-0.213,0.05,-0.013,-0.121,0.022,-0.06,0.112,-0.058,0.007,-0.036,0.01,-0.15,0.154,-0.12,0.082,0.117,"TCGA-DU-5853"
0.169,-0.032,-0.049,0.026,-0.008,0.291,-0.004,0.019,0.076,-0.019,-0.078,-0.067,0.025,-0.177,-0.028,-0.109,0.114,-0.056,0.064,0.082,"TCGA-FG-6689"
0.164,-0.035,-0.092,-0.037,0.002,0.329,0.008,-0.03,-0.027,-0.107,-0.023,-0.098,-0.009,0.025,0.102,-0.059,0.066,-0.038,0.031,-0.13,"TCGA-CS-6670"
0.177,-0.086,-0.109,-0.006,0.003,0.175,-0.027,0.031,-0.01,-0.066,-0.059,-0.121,0.028,0.013,0.027,0.036,0.089,-0.007,-0.076,0.033,"TCGA-CS-6669"
0.122,-0.095,-0.036,1.024,0.242,0.419,0.042,0.01,-0.337,-0.049,-0.37,-0.076,-0.056,0.025,0.112,-0.084,0.071,0.06,-0.114,0.251,"TCGA-FG-6692"
0.211,-0.072,-0.057,0.898,0.08,0.217,0.019,-0.027,0.004,0.015,-0.288,-0.085,-0.029,0.039,0.195,-0.108,0.07,-0.014,-0.012,0.005,"TCGA-FG-6688"
0.101,-0.073,-0.061,0.411,0.193,0.343,-0.034,-0.017,-0.865,-0.13,-0.313,-0.072,-0.06,0.026,0.086,-0.082,0.053,0.017,-0.072,0.149,"TCGA-CS-6188"
0.136,-0.149,-0.075,-0.03,0.116,0.33,0.016,-0.021,0.077,-0.087,-0.093,-0.115,-0.002,0.01,0.219,0.02,0.072,-0.096,0.092,0.105,"TCGA-CS-4938"
0.144,-0.026,-0.054,0.214,0.29,0.494,0.029,-0.057,-0.023,-0.076,-0.012,-0.079,-0.073,0.032,0.113,-0.067,0.063,-0.043,0.035,-0.262,"TCGA-DU-6410"
0.125,-0.079,-0.06,0.192,0.171,0.242,0.01,-0.122,-0.832,0.052,-0.273,-0.349,-0.006,-0.006,0.064,-0.015,0.069,-0.31,-0.049,0.132,"TCGA-CS-5397"
0.115,-0.078,-0.079,-0.025,0.022,0.173,-0.008,-0.047,-0.097,-0.043,-0.038,-0.083,0.004,-0.013,0.108,-0.037,0.076,-0.025,0.069,-0.01,"TCGA-DU-5851"
0.107,-0.097,-0.063,-0.027,0.029,0.193,0.054,0.183,-0.099,-0.126,-0.025,-0.017,-0.002,0.011,0.217,-0.175,0.078,0.01,0.089,0.045,"TCGA-E1-5307"
0.137,-0.134,0.055,0.102,0.015,0.246,0.118,0.417,-0.159,-0.12,-0.025,0.052,-0.059,0.083,0.264,-0.144,0.125,0.012,0.119,0.136,"TCGA-CS-6666"
0.001,0.05,-0.001,-0.062,-0.08,-0.039,-0.045,0.015,0,-0.03,0.017,-0.002,-0.145,-0.053,0.077,-0.049,0.029,-0.19,-0.065,-0.018,"TCGA-HT-7680"
0.036,-0.051,-0.02,-0.028,-0.004,0.058,0.005,0.19,0.04,-0.059,-0.039,-0.051,-0.044,-0.106,-0.031,-0.074,0.048,-0.043,0.04,0.092,"TCGA-DU-8167"
0.089,0.056,0.005,-0.002,-0.026,0.064,-0.005,0.057,-0.187,-0.111,0.109,-0.001,-0.067,-0.095,-0.057,-0.252,-0.017,-0.219,0.068,0.002,"TCGA-HT-7689"
0.025,0.032,0.054,-0.059,0.011,0.021,0,0.018,0.047,-0.044,0.02,-0.015,-0.127,-0.041,0.094,0.01,0.014,-0.122,0.095,-0.228,"TCGA-DU-8164"
0.059,-0.008,0.009,-0.062,0.018,-0.058,-0.054,-0.023,0.124,-0.013,0.054,0.002,-0.12,-0.013,0.019,-0.046,0.014,-0.172,0.101,-0.062,"TCGA-HT-7620"
0.075,0.015,0.013,0.619,-0.035,-0.019,-0.021,0.019,-0.013,-0.023,0.013,0.029,-0.129,-0.084,0.014,-0.002,-0.035,-0.155,-0.011,-0.028,"TCGA-DU-8162"
0.039,-0.027,-0.015,-0.059,-0.003,0.021,-0.04,0.016,0.166,0.025,0.075,0.01,-0.065,-0.016,0.052,0.012,0.003,-0.084,0.091,-0.204,"TCGA-IK-8125"
0.007,0.011,-0.015,-0.053,-0.003,-0.054,0.053,-0.025,-0.004,-0.164,-0.078,-0.03,-0.118,-0.066,0.111,-0.41,0.058,-0.047,0.083,-0.318,"TCGA-HT-7471"
0.011,0.024,0.021,0.153,0.19,0.2,0.011,0.012,0.114,-0.006,0.051,-0.013,-0.149,-0.052,-0.042,-0.03,0.019,-0.056,0.077,0.045,"TCGA-DU-8166"
0.087,0.018,0.012,0.03,0.016,0,0.009,0.021,-0.174,-0.016,-0.024,0.032,-0.061,-0.023,0.083,-0.056,0.045,-0.089,-0.046,-0.059,"TCGA-HT-7854"
0.067,-0.023,0.029,0.115,0.141,0.102,0.026,-0.01,-0.124,0.167,-0.142,0.009,-0.125,-0.081,0.004,-0.01,-0.123,-0.757,-0.195,0.031,"TCGA-DU-8161"
0.058,0.011,0.003,0.004,-0.039,-0.021,-0.021,0.001,0.049,0.013,0.035,-0.005,-0.024,-0.27,-0.202,-0.047,0.029,-0.059,0.081,0.018,"TCGA-HT-7686"
-0.027,0.078,0.031,-0.011,-0.029,0.019,0.009,0.019,0.056,0.021,0.082,0.153,-0.11,0.007,0.013,-0.017,0.026,-0.205,0.095,0.02,"TCGA-HT-7684"
-0.01,0.038,0.02,-0.038,-0.013,-0.082,-0.044,0.014,0.173,-0.028,0.071,0.042,-0.133,-0.016,0.032,0.043,-0.003,-0.07,0.118,-0.234,"TCGA-HT-7695"
0.017,0.003,0.017,-0.017,0.024,0.028,0.012,-0.006,0.069,-0.108,0.049,0.035,-0.102,-0.034,0.007,-0.012,0.041,-0.041,0.079,-0.202,"TCGA-HT-7687"
0.005,0.06,0,0.16,0.161,0.161,0.015,0.087,0.115,0.087,0.057,-0.022,-0.111,-0.057,0.03,-0.052,0.016,-0.113,0.038,0.039,"TCGA-DU-8163"
0.02,0.004,0.039,0.028,-0.026,-0.011,0.085,0.062,-0.619,0.101,-0.116,-0.045,-0.078,-0.077,0.036,-0.176,0.063,-0.036,0.079,0.082,"TCGA-DU-8158"
-0.009,0.028,-0.018,-0.053,-0.026,-0.003,0.009,0.016,0.127,0.003,0.059,0.004,-0.067,-0.054,0.022,-0.003,0.017,-0.037,-0.009,-0.031,"TCGA-HT-7691"
-0.013,0.02,0.023,-0.062,-0.002,-0.046,-0.027,0.027,0.06,0.081,0.077,0.01,-0.072,-0.043,0.083,0.006,0.041,-0.1,0.139,-0.169,"TCGA-FG-8187"
0.062,0.022,-0.009,-0.044,-0.007,0.026,0.041,0.02,-0.272,0.055,0.1,0.013,-0.14,-0.098,0.113,-0.027,0.063,-0.047,0.049,-0.264,"TCGA-DU-8168"
0.112,0.079,0.027,-0.028,-0.032,-0.04,-0.02,0.006,0.027,0.034,0.06,0.044,-0.137,-0.032,-0.006,0.009,0.028,-0.146,0.141,-0.203,"TCGA-HT-7677"
-0.011,0.044,0.022,-0.04,-0.073,0.051,-0.127,0.106,0.075,0.011,0.128,0.009,-0.142,-0.067,0.269,-0.08,-0.056,-0.261,0.161,-0.083,"TCGA-FG-8188"
0.092,-0.024,0.029,-0.026,-0.021,0.037,0.069,0.018,-0.34,0.015,-0.006,0.022,-0.074,-0.016,-0.024,-0.1,0.013,-0.087,0.111,0.013,"TCGA-FG-8185"
0.089,0.036,0.053,0.075,-0.077,-0.133,-0.075,-0.021,-0.013,-0.081,0.024,0.016,-0.022,-0.022,-0.027,-0.03,0.003,-0.229,0.065,0.114,"TCGA-FG-8182"
0.022,0.103,-0.019,-0.015,0.043,-0.003,0.028,0.012,-0.009,0.048,0.035,0.001,-0.036,-0.032,0.051,-0.014,0,-0.031,0.015,0.059,"TCGA-FG-8181"
0.198,0.107,0.078,0.013,0.094,0.079,-0.058,-0.09,0.174,0.083,-0.202,-0.125,-0.111,0.004,0.005,-0.108,-0.042,-0.164,-0.028,-0.099,"TCGA-DU-8165"
-0.036,0.14,0.07,-0.065,-0.028,-0.034,-0.038,-0.031,0.157,0,0.139,0.076,-0.093,-0.06,-0.03,-0.277,0,-0.069,0.114,-0.119,"TCGA-HT-7616"
0.051,0.035,0.006,-0.066,0.246,0.255,-0.053,-0.004,0.086,0.036,0.063,0.203,-0.194,-0.036,-0.051,0.008,0.023,-0.179,0.119,0.043,"TCGA-HT-7693"
0.03,0.048,0.008,-0.015,-0.029,-0.025,-0.023,-0.004,0.136,0.024,0.065,-0.003,-0.103,-0.088,0,-0.04,0.002,-0.122,0.03,0.002,"TCGA-FG-8191"
-0.036,-0.091,-0.115,0.012,0.017,-0.024,0.027,0.012,-0.058,-0.103,-0.005,-0.023,-0.097,-0.044,0.15,-0.16,0.051,-0.008,0.067,-0.37,"TCGA-HT-7692"
-0.005,0.033,0.024,-0.032,-0.027,-0.048,0,0.007,0.103,-0.047,0.065,0.036,-0.17,-0.115,0.137,-0.203,0,-0.109,0.128,-0.302,"TCGA-FG-7641"
0.024,-0.116,0.037,0.019,0.014,0.068,-0.024,-0.045,-0.164,0.006,-0.176,0.079,-0.044,-0.085,0.075,-0.296,0.008,-0.034,-0.028,-0.095,"TCGA-HT-7469"
0.14,0.113,0.026,0.019,0.012,0.007,-0.088,-0.021,-0.211,-0.078,0.046,0.114,-0.137,-0.157,-0.076,-0.235,0.007,-0.097,0.096,-0.116,"TCGA-HT-7688"
-0.009,0.044,0.022,-0.015,-0.032,0.023,0,-0.011,0.132,-0.065,0.046,-0.015,-0.066,0.026,0.01,-0.004,0.03,-0.009,0.139,-0.129,"TCGA-HT-7694"
0.011,-0.182,0.047,-0.016,-0.017,0.009,-0.014,-0.003,0.014,-0.008,0.075,-0.016,-0.526,-0.115,-0.07,-0.404,0.024,-0.153,0.072,0.011,"TCGA-HT-7690"
0.032,0.013,0.018,-0.056,0.378,0.324,0.039,0.02,0.057,0.013,0.028,-0.012,-0.135,-0.056,0.04,-0.01,0.066,-0.061,0.057,-0.227,"TCGA-FG-8186"
0.098,-0.002,-0.081,0.015,0.01,0.117,0.028,0.062,0.04,0.005,0.026,-0.042,-0.026,-0.008,0.155,-0.086,0.05,-0.072,0.039,0.099,"TCGA-HW-7489"
0.04,0.018,-0.056,0.013,-0.02,0.124,-0.021,-0.009,0.103,0.192,0.031,-0.019,-0.083,0.025,0.189,-0.292,0.022,-0.149,0.043,0.073,"TCGA-HT-7483"
0.068,-0.051,-0.019,0.028,0.018,0.081,-0.031,0.016,0.131,0.015,0.045,-0.034,-0.082,0.042,0.117,0.029,0.035,-0.043,0.08,0.056,"TCGA-HT-7472"
0.058,-0.004,-0.087,-0.062,-0.063,0.019,0.061,0.031,-0.251,-0.386,0.024,-0.012,-0.057,-0.005,0.102,-0.001,0.074,-0.038,0.034,-0.231,"TCGA-EZ-7264"
0.107,-0.02,-0.069,-0.038,0.152,0.281,0.029,0.016,0.075,-0.055,0.004,-0.034,-0.029,-0.056,0.209,-0.019,0.053,0.017,0.101,-0.25,"TCGA-HW-7495"
0.083,-0.059,-0.032,0.131,0.143,0.283,-0.004,0.178,0.009,-0.037,0,-0.024,0.138,0.001,-0.004,-0.052,-0.019,-0.048,0.029,0.069,"TCGA-HT-7473"
0.03,-0.027,-0.065,-0.042,0.02,0.066,-0.018,0.013,0.07,0.001,0.007,-0.045,-0.068,0.013,0.083,0.002,0.04,0.001,-0.008,-0.098,"TCGA-HT-7481"
0.105,-0.046,-0.054,-0.07,0.022,0.096,0.02,0.029,0.084,-0.037,0.012,-0.043,-0.051,-0.006,0.165,0.003,0.06,-0.107,0.078,-0.212,"TCGA-DU-7294"
0.003,-0.026,-0.038,0.019,-0.007,0.052,-0.044,-0.014,-0.222,-0.021,0.041,-0.052,-0.078,-0.017,0.102,-0.04,0.032,-0.046,0.056,-0.02,"TCGA-DU-7019"
0.047,-0.047,-0.07,0.003,-0.008,0.076,0.129,0.129,0.021,-0.018,0.03,-0.043,-0.014,0.003,0.128,-0.076,0.003,-0.058,0.107,0.048,"TCGA-HT-7479"
0.04,0.018,-0.039,-0.066,0.011,0.026,0.018,0.001,0,-0.007,0.042,0.001,-0.033,-0.007,0.11,-0.445,0.047,-0.06,0.05,-0.262,"TCGA-HW-7491"
0.072,-0.085,-0.085,0.002,-0.001,0.039,0.014,0.003,-0.233,0.173,-0.015,-0.061,-0.041,0.089,0.35,-0.427,0.028,-0.489,0.113,0.031,"TCGA-DU-7298"
0.08,-0.03,-0.048,0.896,0.419,0.448,0.145,0.193,-0.047,-0.008,-0.309,-0.015,-0.075,0.723,-0.059,-0.059,0.062,0.214,0.241,0.05,"TCGA-DU-7013"
0.214,-0.051,-0.067,0.195,-0.024,0.027,0.028,0.296,0.1,0.041,0.043,0.033,-0.066,-0.002,0.06,-0.032,0.06,-0.051,0.068,0.011,"TCGA-DU-7015"
0.197,-0.055,-0.01,-0.012,0.559,0.618,0.004,0.348,-0.339,-0.015,0.043,-0.014,-0.11,0.026,0.118,-0.403,0.077,-0.07,0.111,0.029,"TCGA-HT-7475"
0.067,-0.03,-0.073,-0.021,-0.032,0.047,0.019,0.028,0.057,0.011,0.037,-0.034,-0.037,-0.023,0.073,-0.065,0.079,-0.049,0.034,0.03,"TCGA-CS-6667"
0.056,-0.066,-0.034,0.195,0.366,0.332,-0.004,0.035,-0.828,-0.01,-0.265,-0.036,-0.046,-0.02,-0.01,-0.081,-0.027,-0.11,-0.063,0.209,"TCGA-CS-6186"
0.074,-0.017,-0.016,-0.009,0.025,0.094,0.144,0.137,-0.317,-0.03,-0.093,-0.029,-0.076,0.013,0.052,-0.152,0.003,-0.147,0.106,0.087,"TCGA-HT-7476"
0.184,-0.013,-0.022,0.001,0.01,-0.021,0.017,0.006,0.004,-0.008,-0.208,-0.044,-0.037,-0.035,0.046,-0.33,0.068,-0.031,0.061,-0.001,"TCGA-DU-7290"
0.007,0.014,-0.017,0.152,0.237,0.183,-0.006,0.01,-0.765,-0.023,-0.172,-0.173,-0.052,-0.027,0.058,-0.085,0.086,-0.028,0.017,0.041,"TCGA-DU-7006"
0.079,-0.044,-0.043,-0.039,-0.034,0.041,-0.01,0.03,0.02,0.049,-0.002,-0.036,-0.1,-0.017,0.031,-0.077,0.051,-0.104,0.07,-0.352,"TCGA-HT-7468"
0.081,0.016,-0.014,0.16,0.141,0.179,-0.024,0.004,-0.404,0.023,-0.159,-0.026,-0.099,-0.07,-0.024,-0.012,0.026,-0.02,-0.033,0.044,"TCGA-DU-7012"
0.091,0.01,-0.047,-0.035,-0.005,0.053,-0.024,0.047,0.023,-0.001,0.073,-0.028,-0.081,0.003,0.116,-0.001,0.019,-0.03,0.08,-0.066,"TCGA-HW-7487"
0.11,-0.023,-0.059,-0.048,0.16,0.227,0.036,0.039,0.07,-0.08,0.035,-0.054,-0.08,-0.064,0.149,-0.043,0.061,-0.027,0.102,-0.172,"TCGA-DU-7009"
0.048,-0.044,-0.019,0,-0.028,0.075,0.01,0.027,0.157,0.01,0.042,0.051,-0.078,0.037,0.089,-0.065,0.033,-0.116,0.058,0.067,"TCGA-HT-7474"
0.021,-0.026,-0.022,0.005,-0.059,-0.031,0.056,-0.02,-0.03,0.012,-0.015,-0.024,-0.044,0.012,-0.021,-0.054,0.107,-0.047,0.089,0.019,"TCGA-HT-7485"
0.047,0,-0.047,0.964,0.427,0.389,0.01,0.023,-0.884,-0.001,-0.167,-0.012,-0.043,-0.025,0.082,-0.309,0.082,-0.098,0.013,0.064,"TCGA-DU-7292"
0.05,-0.095,-0.073,0.072,0.068,0.235,0.127,0.227,-0.077,-0.041,-0.033,-0.001,-0.039,-0.032,0.025,-0.091,0.064,-0.085,0.139,0.035,"TCGA-DU-7014"
0.059,0.003,-0.058,-0.059,0.031,0.172,0.083,0.05,-0.085,-0.009,0.03,0.096,-0.038,-0.006,0.141,-0.062,0.064,-0.047,0.08,-0.127,"TCGA-DU-7018"
0.066,0.021,-0.098,-0.021,0.058,0.032,-0.022,0.014,0.094,-0.017,0.042,-0.046,-0.043,0.013,0.068,0.009,-0.009,-0.049,0.029,0.003,"TCGA-HT-7467"
0.318,-0.044,0.06,0.071,0.093,0.114,-0.033,0.106,0.458,0.31,-0.057,-0.096,-0.021,0.839,-0.082,-0.394,-0.134,-0.298,-0.087,0.101,"TCGA-DU-7010"
0.027,-0.014,-0.033,-0.011,-0.032,0.081,0.022,0.065,0.016,-0.063,0.036,-0.051,0.32,0.002,0.033,-0.199,0.026,-0.072,0.032,0.034,"TCGA-DU-7299"
0.072,0.032,0.026,0.041,-0.007,0.069,-0.052,0.008,0.022,0,0.134,0.075,0.867,-0.011,-0.163,-0.033,0.005,-0.115,0.031,0.129,"TCGA-DU-7007"
0.029,0.019,-0.018,-0.028,-0.014,0.049,-0.006,0.012,-0.083,-0.001,0.062,0.126,-0.097,-0.021,0.166,-0.067,0.041,-0.045,0.034,0.032,"TCGA-HW-7490"
0.062,0.02,0.009,-0.033,0.018,0.078,0,0.028,0.129,0.072,0.179,0.047,-0.149,0.026,0.032,-0.026,-0.012,-0.085,0.007,0.042,"TCGA-HW-7486"
0.042,0.001,-0.039,-0.003,0.015,0.132,0.002,0.046,0.039,0.008,0.097,-0.033,-0.046,-0.044,0.1,0.008,0.05,-0.023,0.04,0.003,"TCGA-HW-7493"
0.142,0.027,-0.005,0.013,0.323,0.298,0.045,0.127,0.282,0.042,0.074,0.039,-0.101,-0.006,-0.158,-0.031,-0.005,-0.075,0.017,0.167,"TCGA-DU-7008"
0.075,0.055,0.007,-0.072,0.051,-0.014,0.247,0.22,0.267,-0.031,0.201,0.042,-0.067,0.023,0.042,-0.219,-0.022,-0.086,0.042,-0.034,"TCGA-HT-7482"
0.04,0.073,0.036,0.016,0.06,0.089,0.039,0.076,0.126,0.118,0.111,0.005,0.119,-0.245,-0.298,-0.02,-0.011,-0.279,0.049,0.091,"TCGA-HT-7478"
0.031,0.023,-0.043,0.078,0.069,0.245,0.141,0.149,-0.627,0.141,-0.073,-0.141,-0.057,-0.022,0.133,-0.043,0.057,-0.022,-0.049,-0.048,"TCGA-19-4065"
0.013,0.048,-0.041,-0.16,-0.086,-0.103,0.085,0.112,0.072,-0.026,0.094,0.022,-0.099,-0.01,0.031,-0.012,0.044,-0.1,0.019,-0.394,"TCGA-CS-6668"
0.094,-0.007,-0.102,-0.067,0.036,0.034,0.069,0.069,0.106,-0.059,-0.172,-0.11,-0.495,0.375,-0.139,-0.121,0.06,0,0.11,-0.025,"TCGA-CS-6665"
0.023,0.004,-0.085,-0.104,-0.065,-0.045,0.072,0.041,0.116,-0.152,0.026,-0.049,-0.084,-0.028,0.128,-0.002,0.086,-0.007,0.088,-0.256,"TCGA-E1-5319"
0.016,0.018,-0.084,-0.107,0.102,0.045,0.019,0.06,-0.812,-0.076,0.121,0,-0.126,-0.035,0.02,-0.005,0.005,-0.098,-0.006,0.021,"TCGA-FG-5965"
0.027,0.047,-0.05,-0.12,-0.037,-0.006,0.026,0.267,-0.01,-0.078,0.13,0.06,-0.087,0.191,0.186,0.016,0.011,-0.142,0.006,-0.322,"TCGA-E1-5305"
0.017,-0.005,-0.093,-0.048,0.025,0.013,0.08,0.109,-0.093,-0.15,0.088,0.061,-0.212,-0.002,-0.107,-0.381,0.045,-0.12,0.037,-0.263,"TCGA-FG-5962"
0.115,-0.005,-0.052,0.13,0.207,0.237,-0.006,-0.001,-0.812,-0.055,-0.18,-0.03,-0.063,-0.01,0.088,-0.049,0.024,-0.032,-0.008,0.204,"TCGA-74-6578"
-0.229,0.736,0.129,-0.014,0.047,-0.073,-0.016,0.024,-0.35,-0.192,-0.291,-0.048,0.1,-0.188,-0.031,-0.437,0.017,0.01,0.127,-0.267,"TCGA-14-0740"
0.034,0.106,-0.055,0.925,0.261,0.106,0.05,0.125,-0.379,-0.022,-0.056,-0.034,0,-0.068,0.067,-0.084,0.179,0.063,0.02,0.204,"TCGA-06-6700"
0.004,0.08,-0.033,0.169,0.265,0.307,-0.044,0.024,0.083,0.007,-0.011,0.011,-0.069,-0.018,0.009,-0.199,-0.089,0.009,-0.013,-0.049,"TCGA-76-6662"
0.134,0.037,-0.028,0.865,0.135,0.155,-0.006,0.043,0.014,-0.069,-0.408,-0.068,-0.079,0.007,0.019,-0.275,0.062,-0.041,-0.05,0.018,"TCGA-26-6173"
0.061,-0.028,-0.091,0.191,0.228,0.257,0.016,0.075,-0.713,-0.257,-1.248,-0.186,-0.113,0.219,-0.14,-0.12,-0.21,0.045,0.086,-0.043,"TCGA-06-6694"
0.03,0.093,-0.025,-0.032,-0.052,-0.273,-0.034,0.02,-0.631,0.008,-0.159,0.004,-0.013,-0.031,0.024,-0.269,0.042,-0.464,-0.214,-0.086,"TCGA-14-0862"
0.249,0.082,0.032,0.227,0.246,0.217,0.044,0.082,0.128,0.024,0.036,0.021,-0.054,-0.034,-0.01,-0.01,0.048,-0.022,-0.016,-0.059,"TCGA-06-6698"
0.036,0.043,-0.04,0.114,0.196,0.164,-0.201,-0.171,0.121,0.018,-0.495,0.007,-0.038,0.599,1.3,-0.021,0.023,-0.043,-0.017,0.131,"TCGA-14-1450"
-0.045,0.051,-0.003,0.131,0.144,0.1,0.032,0.055,-1.483,0.193,-0.069,0.012,0.172,-0.06,0.576,-0.014,-0.092,-0.225,0.08,0.148,"TCGA-76-6660"
0.052,0.047,-0.002,1.007,-0.016,-0.057,-0.316,0.646,-1.339,-0.032,-0.236,0.014,-0.029,-0.085,0.09,-0.004,0.054,-0.049,-0.024,-0.024,"TCGA-06-6693"
0.067,0.174,0.084,0.861,0.45,0.206,-0.018,0.025,-0.61,0.022,-0.645,-0.03,-0.044,-0.078,1.24,-0.023,0.059,-0.037,0.087,0.023,"TCGA-74-6584"
-0.021,0.03,-0.04,0.111,0.127,0.133,-0.019,0.041,-0.38,-0.032,-0.123,-0.021,-0.04,-0.02,0.035,-0.074,-0.009,-0.346,-0.013,0.11,"TCGA-19-5953"
0.034,0.063,-0.01,0.046,0.147,0.122,-0.016,-0.026,-0.301,-0.011,-0.088,0.007,-0.085,-0.095,-0.023,-0.036,0.037,-0.505,-0.066,-0.028,"TCGA-06-6697"
-0.018,-0.015,-0.011,0.88,0.182,0.279,-0.013,0.019,-0.318,-0.434,-0.298,0.005,-0.058,-0.027,0.003,-0.043,0.06,-0.028,-0.032,0.043,"TCGA-14-1395"
0.025,0.05,-0.025,0.972,0.147,0.242,0.005,0.035,-0.638,-0.058,-0.166,-0.05,-0.488,-0.14,-0.008,-0.025,0.046,-0.02,-0.025,-0.01,"TCGA-76-6664"
0.006,0.082,-0.05,0.179,0.312,0.27,0.027,0.068,0.057,0.001,0.128,-0.017,0.001,-0.018,0.048,-0.027,0.064,-0.019,-0.189,0.128,"TCGA-06-1806"
0.249,0.002,-0.01,0.145,0.201,0.246,0.004,0.02,0.076,0.011,-0.234,-0.02,-0.011,-0.007,0.009,-0.195,-0.068,-0.082,-0.039,0.039,"TCGA-76-6283"
0.057,0.089,-0.021,1.034,0.234,0.213,0.004,0.037,-1.131,-0.004,-0.226,-0.034,-0.041,-0.029,0.022,-0.117,0.048,-0.03,-0.044,0.18,"TCGA-76-6661"
0.061,0.015,-0.048,0.978,0.24,0.244,0,0.042,-1.889,0.003,-0.291,-0.024,-0.063,-0.087,0.018,-0.018,0.016,0.045,-0.004,0.203,"TCGA-06-6699"
0.022,0.056,-0.047,0.981,0.265,0.306,-0.017,0.027,-1.405,0.011,-0.268,0.003,-0.035,-0.061,0.002,-0.456,-0.004,-0.347,-0.242,0.088,"TCGA-74-6573"
0.048,0.059,-0.012,1.142,0.206,0.264,-0.005,0.029,-1.389,-0.002,0.028,0.008,-0.103,-0.069,0.037,-0.034,0.021,-0.056,-0.099,0.152,"TCGA-76-6656"
0.039,0.037,-0.006,0.119,0.172,0.171,-0.009,0.048,-0.251,-0.056,-0.085,-0.026,-0.035,-0.026,-0.015,-0.036,-0.009,-0.011,-0.029,0.179,"TCGA-76-6663"
0.007,0.027,-0.034,0.963,0.217,0.225,-0.026,0.037,-1.623,-0.002,-0.251,-0.002,-0.043,-0.008,-0.019,-0.03,0.029,-0.03,-0.02,0.008,"TCGA-74-6581"
0.035,0.059,-0.048,0.566,0.096,0.167,-0.05,0.043,-0.308,-0.002,-0.055,-0.002,-0.023,0.007,0.045,-0.011,0.049,-0.039,-0.015,-0.011,"TCGA-28-5211"
-0.027,0.033,-0.038,0.101,0.132,0.115,0.046,0.066,-0.309,0.133,0.028,0.001,-0.041,-0.065,0.016,-0.044,0.022,0.034,0.057,-0.056,"TCGA-26-6174"
-0.04,0.078,-0.008,0.178,0.215,0.198,0.014,0.095,-1.013,0.062,-0.129,0.08,-0.029,-0.075,-0.035,0.005,0.03,-0.04,-0.003,0.02,"TCGA-76-6657"
-0.012,0.051,-0.005,0.164,0.225,0.264,0.003,0.022,-0.244,0.039,-0.198,0.023,-0.064,0.681,1.291,-0.032,0.045,-0.059,-0.078,0.173,"TCGA-06-6695"
-0.035,0.106,-0.039,0.105,0.15,0.19,0.025,0.048,-0.476,0.002,-0.107,-0.012,-0.025,-0.043,0.093,-0.024,0.085,-0.011,0.005,0.003,"TCGA-74-6575"
-0.011,0.042,-0.042,-0.045,-0.025,0.014,-0.012,0.203,-0.151,0,0.069,0.012,-0.078,0.001,0.022,-0.416,0.009,-0.065,-0.003,-0.014,"TCGA-06-6701"
-0.007,0.061,-0.002,0.146,0.226,0.233,0.012,0.044,-0.995,-0.038,-0.193,0.003,-0.126,-0.084,0.037,-0.011,-0.014,-0.044,-0.018,0.049,"TCGA-06-6388"
0.143,0.05,0.005,0.118,0.223,0.236,0.006,0.015,-1.17,0.066,-0.251,0.009,-0.045,-0.051,0.013,-0.048,-0.02,0.068,0.029,0.197,"TCGA-76-6280"
0.003,0.072,-0.007,0.198,0.211,0.256,-0.014,0.033,-0.002,0.008,-0.305,-0.056,-0.065,-0.095,-0.047,-0.488,0.044,0.045,0.087,0.011,"TCGA-76-6286"
-0.027,0.062,-0.044,0.825,0.21,0.193,-0.001,0.065,0.027,-0.036,-0.181,-0.014,-0.077,-0.007,-0.017,-0.441,0.04,-0.015,-0.035,0.06,"TCGA-81-5911"
-0.003,0.086,-0.047,0.577,0.132,0.167,-0.004,0.033,-0.466,-0.004,-0.103,-0.012,-0.055,-0.07,-0.025,-0.051,0.03,0.015,-0.028,0.028,"TCGA-14-1043"
0.058,0.139,-0.012,0.113,0.145,0.128,0.06,0.035,-0.229,-0.075,-0.145,-0.051,-0.079,-0.063,0.06,-0.042,0.036,-0.006,-0.017,0.033,"TCGA-41-6646"
-0.025,0.076,0,0.209,0.323,0.302,0.007,0.052,-0.638,0.02,-0.131,0.01,0.078,0.069,0.177,-0.039,0.059,-0.03,0.009,-0.066,"TCGA-74-6577"
0.034,0.037,0.03,-0.026,0,0.072,0.013,0.082,-0.157,0.052,-0.085,0.001,-0.116,-0.068,0.188,-0.025,0.056,-0.095,0.034,0.008,"TCGA-HT-7606"
0.064,0.078,-0.019,-0.05,0.021,0.035,0.011,0.064,0.136,0.104,0.19,0.049,-0.018,-0.025,0.114,0.043,0.028,-0.157,0.052,-0.082,"TCGA-HT-7605"
0.086,-0.019,-0.011,0.021,0.057,-0.02,-0.006,0.007,0.174,0.111,0.169,0.037,-0.052,0.052,0.243,0.038,0.051,-0.084,0.051,0.008,"TCGA-FN-7833"
0.094,-0.004,-0.035,0.036,-0.028,0.011,0.132,0.183,0.055,0.002,0.155,0.156,-0.079,0.034,0.167,-0.009,0.086,-0.126,-0.02,0.015,"TCGA-DU-7304"
0.064,0.025,-0.001,-0.009,0.018,0,0.043,0.045,0.203,0.097,0.176,0.074,-0.019,0.009,0.133,0.09,0.028,-0.137,0.046,0.015,"TCGA-DU-7309"
0.096,-0.003,-0.019,0.017,-0.014,0.004,0.003,0.12,0.264,0.039,0.198,0.014,-0.008,-0.056,0.131,0.038,0.058,-0.128,0.017,-0.219,"TCGA-FG-7638"
0.082,0.05,0.006,0.03,0.017,0.047,-0.024,0.129,0.19,0.072,0.213,0.041,-0.056,0.046,0.177,0.012,0.024,-0.104,0.073,0.006,"TCGA-HT-7609"
0.074,-0.03,-0.029,0.068,0.108,0.108,0.06,0.133,0.139,-0.014,0.122,0.067,0.032,0.053,0.202,-0.001,0.147,0.009,0.095,-0.175,"TCGA-FG-7634"
0.045,0.036,-0.027,0.02,0.257,0.227,0.314,0.386,0.221,0.07,0.198,0.04,0.287,-0.039,0.087,-0.008,0.066,-0.208,0.091,0.019,"TCGA-HT-7604"
0.065,-0.028,-0.021,0.106,0.045,0.099,-0.016,0.073,-0.331,-0.064,-0.233,-0.031,-0.016,0.621,-0.278,-0.009,0.014,-0.121,0.013,-0.042,"TCGA-IK-7675"
0.071,0.036,-0.01,0.075,0.151,0.135,0.046,0.079,0.169,0.105,0.094,0.038,-0.072,0.034,0.269,0.083,0.063,-0.08,-0.012,0.008,"TCGA-FG-7643"
-0.004,0.03,-0.011,0.018,-0.029,0.114,-0.008,0.041,-0.057,0.075,0.073,-0.009,-0.045,0.025,0.207,-0.049,0.078,-0.104,0.037,0.088,"TCGA-FG-7636"
0.013,-0.016,-0.033,-0.019,-0.013,0.061,-0.03,0.014,0.043,0.014,0.064,-0.036,-0.088,-0.019,0.105,-0.058,0.005,-0.07,0.106,0.079,"TCGA-HT-7603"
0.071,-0.006,-0.044,-0.01,0.14,0.179,-0.043,0.08,0.123,-0.023,0.058,-0.038,-0.058,-0.024,0.066,0.006,0.036,-0.039,0.015,0.063,"TCGA-HT-7610"
0.054,-0.041,-0.075,-0.022,-0.002,-0.005,0.028,0.024,0.093,0.005,0.083,0.015,-0.01,-0.025,0.18,-0.04,0.041,-0.059,0.068,-0.035,"TCGA-HT-7607"
0.1,0.006,-0.024,0.002,-0.029,0.014,-0.018,0.021,0.105,0.003,0.087,-0.061,-0.069,-0.044,0.058,-0.004,0.05,-0.049,0.128,0.073,"TCGA-HT-7601"
0.11,0.024,-0.035,-0.034,0.192,0.404,-0.034,0.078,-0.124,0.033,0.044,-0.053,-0.057,-0.001,0.067,-0.033,0.082,-0.104,0.028,-0.042,"TCGA-DU-7306"
-0.006,-0.004,-0.031,-0.007,-0.02,0.045,0.052,0.048,0.095,0.041,0.052,-0.019,-0.027,0.001,0.1,-0.007,0.01,-0.022,0.035,-0.171,"TCGA-DU-7300"
0.084,0.012,-0.036,-0.064,-0.005,0.036,0.028,0.054,-0.281,-0.008,0.045,-0.025,-0.069,-0.031,0.111,-0.039,0.037,-0.025,0.074,-0.306,"TCGA-DU-7302"
0.052,-0.003,-0.066,-0.016,0.066,0.009,0.013,0.084,0.155,0.101,0.114,0.012,-0.057,0.034,0.158,0.011,0.016,-0.037,0.042,-0.234,"TCGA-HT-7480"
0.059,-0.051,-0.062,0.048,0.013,0.057,-0.033,-0.013,-0.077,0.032,0.046,-0.001,-0.098,-0.021,0.001,-0.123,0.055,-0.099,0.034,-0.023,"TCGA-HT-7470"
0.094,-0.001,-0.035,-0.016,0.28,0.351,0.003,-0.014,-0.122,0.036,0.067,-0.064,-0.042,0.036,0.063,-0.467,0.033,-0.135,0.004,0.037,"TCGA-DU-7301"
0.089,-0.016,-0.046,-0.048,0.046,0.044,0.01,0.044,0.124,0.069,0.111,-0.013,-0.008,0.013,0.079,-0.016,0.022,-0.145,0.041,0.067,"TCGA-HT-7602"
0.054,0.04,-0.075,-0.015,-0.016,0.275,0.013,0.051,0.046,0.034,0.045,-0.022,-0.051,0.001,0.113,-0.058,0.044,-0.083,0.016,-0.119,"TCGA-FG-7637"
0.088,0.078,-0.046,-0.103,-0.008,0.015,0.051,-0.001,-0.09,-0.014,-0.012,-0.043,-0.12,-0.03,0.056,-0.046,0.041,-0.04,-0.052,-0.006,"TCGA-HT-8558"
0.039,0.006,-0.018,-0.048,-0.026,0.142,0.009,0.011,-0.053,-0.016,0.017,-0.008,-0.153,-0.006,0.122,-0.098,0.031,-0.122,0.057,0.049,"TCGA-HT-7880"
0.107,0.046,0.072,0.053,0.002,0.163,-0.017,-0.015,-0.391,-0.008,-0.097,-0.013,-0.252,-0.043,-0.013,-0.245,0.058,-0.105,-0.055,-0.019,"TCGA-HT-7882"
0.111,0.035,0.011,-0.062,-0.147,-0.009,0.057,0.028,-0.167,0.011,-0.007,-0.036,-0.227,-0.043,0.006,-0.125,0.072,-0.174,0.132,-0.206,"TCGA-HT-7681"
0.091,0.074,0.02,-0.009,-0.175,0.057,0.03,0.022,-0.856,0.075,-0.04,0.019,-0.229,-0.029,-0.006,-0.19,0.109,-0.14,0.003,-0.035,"TCGA-HT-7857"
0.078,0.05,0.025,-0.045,-0.013,0.203,0.044,-0.002,-0.068,0.037,-0.009,-0.048,-0.073,-0.178,-0.143,-0.122,0.073,-0.104,-0.015,-0.021,"TCGA-HT-7884"
0.092,0.056,0.006,-0.065,0.114,0.298,0.051,0.038,-0.49,0.043,-0.01,0.025,-0.167,-0.054,-0.056,-0.135,0.077,-0.101,0.086,-0.308,"TCGA-HW-8322"
0.072,0.028,0.026,0.024,-0.121,0.127,0.043,0.193,-0.135,0.012,-0.003,0.01,0.306,-0.057,0.028,-0.411,0.044,-0.255,0.067,-0.016,"TCGA-HT-7873"
0.1,0.111,0.044,-0.039,-0.09,0.051,0.033,0.012,-0.265,0.04,0.014,0.016,-0.211,-0.055,-0.021,-0.147,0.122,-0.258,0.115,-0.236,"TCGA-HT-7875"
0.147,0.065,0.006,-0.057,-0.113,0.036,-0.01,-0.002,-0.794,0.258,-0.006,0.161,-0.267,-0.085,-0.081,-0.071,0.1,-0.175,0.093,-0.012,"TCGA-HW-8319"
0.069,0.027,-0.009,-0.011,-0.064,0.075,-0.011,-0.031,-0.126,0.011,0.008,-0.029,-0.12,0.198,-0.198,-0.223,0.078,-0.11,0.102,-0.024,"TCGA-HT-8563"
0.071,0.036,-0.04,-0.065,-0.057,0.065,-0.001,-0.015,-0.03,0.002,0.012,-0.034,-0.11,-0.017,-0.004,-0.043,0.022,-0.04,0.09,0.062,"TCGA-HT-8113"
0.14,0.026,0.015,-0.033,-0.088,0.07,0.035,0.004,-0.164,0.003,-0.022,-0.002,-0.204,-0.032,-0.046,-0.231,0.048,-0.179,0.131,0.047,"TCGA-HT-7858"
0.078,0.105,0.098,0.087,-0.022,0.145,-0.17,-0.265,-0.221,0.055,-0.118,-0.04,-0.114,0.003,-0.047,-0.303,0.087,-0.149,-0.036,-0.116,"TCGA-HT-8564"
0.054,0.052,0.056,0.32,0.333,0.537,0.187,0.139,-2.189,0.018,-0.33,0.019,-0.213,-0.059,-0.135,-0.136,0.04,-0.045,0.073,-0.027,"TCGA-HT-8011"
0.058,-0.029,0.006,-0.024,-0.205,0.004,0.012,0.133,-0.481,-0.028,-0.043,-0.002,-0.177,-0.015,0.041,-0.216,0.073,-0.137,0.079,0.004,"TCGA-HT-7855"
0.049,0.007,0,-0.058,-0.124,0.056,0.015,0,-0.09,0.012,-0.028,-0.02,-0.181,-0.107,-0.008,-0.158,0.07,-0.146,0.075,-0.307,"TCGA-HT-7877"
0.086,0.025,0.017,0.164,0.093,0.212,0.02,0.001,-1.231,0.01,-0.302,-0.052,-0.237,-0.039,-0.081,-0.132,0.103,-0.088,-0.02,0.244,"TCGA-HT-7860"
0.05,0.019,0.001,0.161,0.102,0.271,0.163,0.171,-0.172,0.041,-0.004,-0.009,-0.202,-0.09,-0.083,-0.129,0.106,-0.142,0.093,-0.014,"TCGA-HT-8013"
0.092,-0.025,-0.01,-0.017,-0.043,0.079,0.047,0.024,-0.144,0.048,-0.08,-0.036,-0.089,-0.121,-0.058,-0.129,0.054,-0.06,0.063,0.033,"TCGA-HT-7902"
0.02,0.038,0.035,-0.007,-0.15,0.092,-0.023,-0.007,-0.195,-0.041,0.007,0.016,-0.212,-0.069,-0.016,-0.061,0.05,-0.182,0.066,0.037,"TCGA-HT-7611"
0.054,0.033,0.003,-0.017,-0.098,0.262,-0.02,0.012,-0.095,0.006,-0.041,-0.006,-0.158,0.014,0.036,-0.127,0.06,-0.183,0.08,0.062,"TCGA-HT-8114"
0.078,0.071,0.051,-0.053,0.233,0.354,0.001,0.004,-0.387,0.089,-0.113,-0.019,-0.21,-0.128,-0.131,-0.153,0.089,-0.206,0.016,-0.027,"TCGA-HT-8108"
0.094,0.024,0.022,-0.018,-0.081,0.102,-0.009,0.046,-0.33,0.001,0.031,-0.028,-0.174,-0.012,0.051,-0.135,0.062,-0.094,0.067,0.027,"TCGA-HW-8320"
0.101,0.024,0.029,-0.052,-0.082,0.102,-0.008,-0.015,-0.161,0.049,-0.091,-0.012,-0.173,-0.021,0.025,-0.134,0.066,-0.081,0.058,-0.01,"TCGA-HW-8321"
0.01,-0.014,-0.007,-0.037,-0.073,0.03,0.019,0.148,-0.226,-0.041,0.003,0.002,-0.069,0.009,0.026,-0.145,0.051,-0.033,0.102,0.049,"TCGA-HT-8111"
0.029,0.012,0.035,0.002,-0.087,0.079,0.046,0.109,-0.158,-0.019,-0.043,-0.014,-0.17,-0.126,-0.081,-0.189,0.013,-0.136,0.039,0.072,"TCGA-HT-8106"
0.008,-0.023,-0.018,-0.027,-0.097,0.034,0.028,0.002,-0.068,-0.01,0.002,-0.031,-0.175,-0.025,0.02,-0.166,0.07,-0.061,0.109,-0.116,"TCGA-HT-7874"
0.064,0.107,0.023,-0.026,-0.097,0.039,-0.013,0.052,-0.151,0.024,0.006,0.022,0.111,-0.052,-0.019,-0.142,0.041,-0.144,0.032,-0.074,"TCGA-HT-7879"
0.075,-0.036,-0.054,-0.019,-0.018,0.014,-0.005,0.01,-0.128,-0.01,0.017,-0.027,-0.099,-0.004,0.014,-0.07,0.046,0.008,-0.048,-0.073,"TCGA-HT-8019"
0.068,0.104,-0.029,-0.036,-0.022,0.077,-0.035,0.033,-0.192,0.02,0.026,-0.001,-0.098,0.032,-0.048,-0.063,0.074,-0.049,-0.049,-0.076,"TCGA-HT-8107"
0.024,0.037,0.013,-0.023,-0.123,0.032,0.016,0.164,-0.253,0.026,-0.028,-0.024,-0.215,0.03,0.052,-0.145,0.076,-0.122,0.044,-0.026,"TCGA-HT-7676"
0.013,0.015,0.015,-0.07,-0.067,0.028,0.029,0.007,-0.119,0.013,0.012,-0.005,-0.158,-0.088,-0.097,-0.093,0.058,-0.077,0.076,-0.339,"TCGA-HT-8012"
0.053,0.085,0.027,1.134,0.076,0.251,0.008,-0.02,-1.543,0.045,-0.237,-0.023,-0.222,-0.071,-0.044,-0.155,0.076,-0.13,-0.017,0.143,"TCGA-HT-8104"
0.054,0.072,-0.064,-0.013,-0.067,0.01,-0.012,0.044,-0.194,0.022,0.002,-0.022,-0.27,0.001,-0.028,-0.116,0.092,-0.213,0.089,-0.196,"TCGA-HT-8105"
0.04,0.023,-0.001,-0.062,-0.007,0.067,0.02,0.009,-0.078,-0.06,0.006,-0.052,-0.136,-0.031,0.072,-0.178,0.035,-0.027,0.127,-0.031,"TCGA-HT-7856"
0.057,0.009,-0.033,-0.095,-0.02,0.02,0.036,-0.021,-0.019,-0.017,-0.062,-0.016,-0.105,-0.078,0.047,-0.098,0.033,-0.043,0.078,-0.052,"TCGA-HT-7881"
0.047,0.056,0.068,0.838,0.046,0.255,-0.001,0.018,-0.997,-0.016,-0.194,-0.008,-0.263,-0.075,-0.078,-0.181,0.113,-0.076,0.033,-0.139,"TCGA-HT-8110"
0.099,0.073,0.012,-0.02,-0.097,0.05,0.033,0.021,-0.142,0.005,-0.031,-0.013,-0.068,-0.125,-0.086,-0.122,0.062,-0.106,0.186,-0.003,"TCGA-HT-8018"
0.067,0.02,-0.021,-0.044,-0.045,0.052,0.033,0.026,-0.096,-0.018,0.012,0.011,-0.102,-0.071,-0.049,-0.108,0.031,-0.045,0.071,-0.256,"TCGA-HT-8109"
0.09,0.026,-0.02,-0.085,-0.111,0.06,0.075,0.003,-0.188,-0.034,-0.028,-0.021,-0.166,-0.072,0.031,-0.137,0.093,-0.059,0.164,-0.311,"TCGA-HT-8010"
0.081,0.084,-0.012,-0.136,-0.068,-0.022,0.091,0.12,0.001,-0.031,0.004,0.021,-0.19,-0.059,0.031,-0.115,0.095,-0.155,0.209,-0.13,"TCGA-DB-A4XA"
0.138,0.047,-0.047,-0.095,-0.033,0.025,0.083,0.254,-0.289,0.13,0.019,-0.054,-0.217,-0.109,0.065,-0.371,0.087,-0.131,0.04,-0.016,"TCGA-FG-A4MY"
0.011,0.04,0.04,-0.134,-0.093,0.075,-0.02,0.277,-0.642,-0.094,-0.052,-0.017,-0.244,0.024,-0.041,-0.059,0.067,-0.208,0.184,0.062,"TCGA-DB-A4XB"
-0.031,0.094,0.034,1.287,0.2,0.306,0.011,0.005,-1.216,0.003,-0.237,-0.073,-0.213,-0.052,0.494,-0.103,0.098,-0.093,-0.028,0.105,"TCGA-FG-A4MW"
0.036,0.143,-0.019,-0.107,-0.012,0.043,0.023,0.055,-0.317,0.032,0.014,-0.016,-0.172,-0.285,-0.482,-0.058,0.074,-0.21,0.104,0.039,"TCGA-FG-A4MX"
0.042,0.031,0.016,0.135,0.127,0.214,0.054,0.035,-0.159,-0.02,-0.015,0.148,-0.279,-0.026,0.035,-0.103,0.084,-0.256,0.052,-0.009,"TCGA-DB-A4X9"
0.086,0.112,-0.005,-0.117,-0.06,0.013,0.027,0.017,0.025,0.017,0.021,-0.009,-0.138,-0.039,-0.055,-0.053,0.053,-0.122,0.096,-0.112,"TCGA-HT-A4DV"
0.061,0.068,-0.012,-0.105,-0.088,-0.019,0.057,0.147,-0.068,0.017,-0.03,-0.033,-0.231,-0.065,-0.01,-0.103,0.091,-0.131,0.064,-0.005,"TCGA-FG-A4MT"
0.213,0.213,0.086,0.066,0.14,0.218,-0.215,-0.22,-1.449,-0.046,-0.101,-0.05,-0.189,-0.075,-0.088,-0.038,-0.178,-0.62,-0.213,-0.065,"TCGA-HT-A4DS"
0.037,0.14,0.009,-0.102,-0.081,0.077,-0.054,0.014,-0.319,0.044,0.015,-0.014,-0.27,-0.045,0.005,-0.094,0.092,-0.214,0.026,-0.008,"TCGA-DB-A4XC"
0.114,0.024,0.05,-0.055,-0.078,0.058,0.057,0.002,-0.025,0.011,0.052,-0.016,-0.198,-0.002,0.141,-0.117,0.092,-0.224,0.135,-0.228,"TCGA-QH-A65R"
0.252,-0.094,-0.02,1.253,0.328,0.544,-0.04,-0.039,-0.38,-0.209,-0.277,0.017,-0.127,0.635,0.124,-0.1,0.152,-0.302,-0.007,0.289,"TCGA-QH-A6CV"
0.19,0.036,0.074,0.178,0.152,0.318,0.003,0.066,-0.147,0.035,-0.13,-0.045,-0.11,0.095,0.088,-0.352,0.216,0.044,0.264,-0.286,"TCGA-DH-A669"
0.152,-0.025,0.035,0.02,0.008,0.136,-0.006,0.026,0.067,-0.04,0.076,0.013,-0.08,0.06,-0.037,-0.106,0.048,-0.181,0.11,-0.002,"TCGA-DH-A66G"
0.146,0,0.032,-0.048,-0.073,0.256,0.002,-0.012,-0.006,0.033,0.029,0.076,-0.175,-0.016,0.001,-0.273,0.047,-0.258,0.054,0.059,"TCGA-FG-A60L"
0.124,-0.016,0.018,-0.04,-0.042,0.091,0.025,0.04,0.029,0.006,0.092,0.03,-0.169,0.009,0.035,-0.035,0.123,-0.269,0.106,-0.341,"TCGA-FG-A6J1"
0.124,0.008,0.075,0.103,0.138,0.284,0.057,0.03,-0.049,0.027,-0.111,-0.117,-0.142,0.045,0.056,-0.054,0.086,-0.43,-0.007,-0.018,"TCGA-QH-A6CS"
0.151,-0.008,0.08,0.094,-0.016,0.154,-0.002,0.037,-0.407,0.242,-0.04,-0.007,-0.017,0.651,-0.207,-0.731,0.26,-0.265,0.158,-0.046,"TCGA-FG-A6J3"
0.158,-0.032,0.022,0.006,-0.011,0.171,0.043,-0.008,-0.134,-0.015,0.01,-0.039,-0.237,-0.005,0.058,-0.54,0.126,-0.144,0.091,-0.327,"TCGA-FG-A6IZ"
0.161,0.062,0.017,-0.018,0.166,0.355,0.101,0.044,-0.026,-0.052,0.049,0.023,-0.134,0.058,0.058,-0.002,0.085,-0.218,0.079,-0.161,"TCGA-QH-A6CU"
0.102,0.04,0.048,-0.022,-0.148,0.283,0.015,-0.012,-0.003,0.013,0.036,0.024,-0.103,0.014,-0.121,-0.239,0.128,-0.251,0.104,0.043,"TCGA-DH-A66D"
0.013,0.014,0.011,-0.007,-0.047,0.271,0,0.108,-0.038,0.03,-0.013,-0.004,-0.126,-0.062,0.034,-0.086,0.057,-0.143,0.085,0.016,"TCGA-DB-A4XD"
0.074,0.016,-0.03,-0.128,-0.059,0.091,-0.043,0.004,-0.128,0.032,0.016,-0.047,-0.238,-0.031,-0.074,-0.032,0.051,-0.147,0.088,0.022,"TCGA-HW-A5KL"
0.016,-0.04,0.017,-0.028,-0.088,0.021,0.024,-0.043,0,0.016,-0.006,0.006,-0.23,0.01,-0.029,-0.07,0.076,-0.149,0.043,-0.416,"TCGA-DB-A4XG"
0.022,0.011,0.014,0.022,0.007,0.151,0.034,-0.024,-0.195,0.036,-0.106,0.04,-0.216,0.328,-0.155,-0.185,0,-0.069,0.075,0.014,"TCGA-P5-A5EZ"
0.099,0.049,0.041,0.016,-0.071,0.082,-0.358,-0.01,-1.843,0.056,-0.03,0.017,-0.682,-0.314,-0.453,-0.458,0.052,-0.094,0.082,0.062,"TCGA-P5-A5EU"
0.082,-0.041,-0.01,0.153,0.14,0.264,0.005,0.168,0.058,0.213,-0.022,-0.009,-0.108,-0.055,-0.052,-0.076,0.049,-0.05,0.121,-0.034,"TCGA-DB-A4XE"
0.075,0.011,0.02,-0.021,0.041,0.08,0.022,-0.005,0.017,-0.055,0.07,-0.021,-0.291,-0.074,-0.103,-0.057,0.05,-0.103,0.095,-0.42,"TCGA-DB-A4XH"
0.188,0.014,0.009,-0.003,-0.068,0.035,0.024,0.007,-0.347,0,-0.064,0.011,0.036,-0.022,-0.083,-0.088,0.072,-0.159,0.066,-0.051,"TCGA-HW-A5KM"
0.045,0.048,0.022,-0.022,0.168,0.231,-0.007,-0.025,-0.139,0.05,0.005,0.008,-0.126,-0.082,-0.002,-0.008,0.074,-0.604,0.061,-0.033,"TCGA-P5-A5EV"
0.048,-0.03,0.019,0.01,-0.028,0.068,-0.012,0.031,-0.147,0.04,-0.067,0.003,-0.187,-0.086,-0.044,-0.067,0.092,-0.071,0.078,-0.029,"TCGA-DB-A4XF"
0.045,0.075,0.036,-0.038,0.155,0.314,0.012,-0.037,-0.083,0.014,0.001,0.01,-0.202,-0.058,0.007,-0.092,0.053,-0.116,0.144,-0.277,"TCGA-HW-A5KJ"
0.049,0.028,0.007,-0.012,-0.011,0.025,0.003,-0.032,-0.042,0.016,0.05,0.013,-0.195,-0.023,0.039,-0.059,0.059,-0.119,0.063,-0.332,"TCGA-P5-A5ET"
0.076,0.017,0.067,-0.029,-0.099,0.048,0.013,0.006,0.044,0.056,0.003,0.021,-0.199,-0.121,-0.069,-0.083,0.069,-0.174,0.076,-0.02,"TCGA-P5-A5EW"
0.026,0.002,0.018,0.805,-0.019,0.02,-0.065,-0.011,-0.315,-0.005,-0.093,-0.006,-0.147,-0.017,0.044,-0.085,0.07,-0.084,-0.009,0.032,"TCGA-HW-A5KK"
-0.012,0.034,0.02,-0.054,-0.026,0.056,0.033,-0.008,-0.17,-0.007,-0.047,0.024,-0.104,-0.037,0.025,-0.044,0.045,-0.053,-0.026,-0.085,"TCGA-P5-A5EY"
0.054,0.027,0.04,0.151,0.174,0.292,0.037,-0.008,-0.266,0.031,-0.036,-0.039,-0.234,-0.067,0.049,-0.1,0.078,-0.073,0.01,-0.384,"TCGA-HT-A619"
0.038,0.895,-0.05,-0.025,-0.137,0.103,0.06,0.011,-0.114,0.187,0.005,0.041,-0.238,0.122,-0.163,-0.305,0.083,-0.174,0.105,-0.099,"TCGA-HT-A61B"
-0.007,0.053,0.045,-0.048,-0.083,0.027,0.041,0.038,-0.154,0.013,-0.01,0.157,-0.179,-0.05,-0.015,-0.332,0.065,-0.142,0.118,0.005,"TCGA-QH-A65S"
0.024,0.035,0.039,-0.062,0.062,0.272,0.017,0.443,-0.071,0.014,-0.004,-0.02,-0.237,-0.055,-0.116,-0.117,0.033,-0.167,0.143,-0.035,"TCGA-HT-A616"
0.05,0.091,0.021,-0.083,-0.134,0.033,0.026,-0.016,0.06,0.071,0.05,-0.011,0.001,-0.049,-0.07,-0.111,0.058,-0.122,0.116,-0.369,"TCGA-DB-A64P"
0.049,0.079,0.088,-0.021,-0.072,0.1,0.028,-0.009,-0.087,0.024,0.024,0.002,-0.19,-0.072,0.099,-0.077,0.046,-0.155,0.076,-0.031,"TCGA-DB-A64S"
0.078,0.044,0.015,-0.059,0.037,0.164,0.032,0.007,-0.078,0.052,-0.019,-0.01,-0.182,-0.079,-0.05,-0.069,0.039,-0.2,0.104,-0.182,"TCGA-HT-A61A"
0.095,0.04,0.042,-0.044,-0.084,0.025,0.027,0.005,-0.215,-0.009,-0.009,-0.002,-0.24,-0.053,-0.016,-0.098,0.073,-0.173,0.097,-0.408,"TCGA-DB-A64W"
0.078,0.141,0.102,-0.019,-0.089,0.012,0.024,0.023,-0.112,0.096,0.029,0,-0.166,-0.213,-0.294,-0.037,0.075,-0.196,0.18,-0.107,"TCGA-HT-A618"
0.047,-0.002,-0.002,-0.027,-0.106,0.096,0.01,-0.015,-0.148,0.009,-0.052,0.002,-0.18,-0.056,-0.033,-0.111,0.058,-0.022,0.077,-0.234,"TCGA-DB-A64V"
0.051,0.037,0.044,-0.037,-0.054,-0.02,0.025,-0.032,0.067,-0.017,0.024,-0.017,-0.18,-0.044,-0.041,-0.495,0.038,-0.193,0.09,-0.384,"TCGA-QH-A65Z"
0.089,0.076,0.043,-0.079,-0.133,0.006,0.021,0.043,-0.123,0.062,-0.04,0.028,-0.283,-0.057,-0.027,-0.083,0.083,-0.234,0.28,-0.347,"TCGA-DB-A64Q"
0.093,0.038,0.03,-0.103,-0.147,0.036,0.028,0.003,-0.159,0.035,-0.006,-0.036,-0.104,-0.066,-0.034,-0.188,0.089,-0.143,0.154,-0.334,"TCGA-DH-A66F"
0.144,0.039,0.062,-0.117,-0.135,0.065,0.017,0.336,-0.239,0.022,0.051,-0.01,-0.264,-0.093,-0.002,-0.191,0.065,-0.259,0.127,-0.047,"TCGA-DB-A64X"
0.068,0.064,-0.007,-0.13,-0.136,-0.039,0.048,0.033,-0.121,-0.037,0.019,-0.032,-0.233,-0.091,0.041,-0.152,0.082,-0.188,0.103,-0.36,"TCGA-DB-A64R"
0.084,0.068,0.047,0.107,0.079,1.481,0.041,-0.021,-1.294,0.018,-0.362,-0.004,-0.195,-0.069,-0.02,-0.107,0.079,-0.093,0.049,-0.083,"TCGA-HT-A61C"
0.073,0.032,0.031,-0.093,-0.162,-0.047,0.047,0.004,-0.138,0.005,-0.013,-0.001,-0.202,-0.082,-0.046,-0.104,0.082,-0.152,0.1,-0.27,"TCGA-DB-A64U"
0.053,-0.001,0.009,-0.088,-0.143,-0.005,0.039,0.011,-0.023,0.019,0.007,-0.044,-0.131,-0.094,-0.008,-0.07,0.089,-0.14,0.143,-0.277,"TCGA-FG-A60K"
0.082,0.05,0.038,-0.085,-0.177,0.023,0.043,-0.012,-0.075,0.019,-0.05,-0.021,-0.276,-0.084,0.064,-0.079,0.077,-0.129,0.141,-0.288,"TCGA-HT-A615"
0.05,0.226,0.088,-0.019,-0.172,-0.067,0.044,0.013,-0.121,0.056,0.024,0.023,-0.261,-0.149,-0.218,-0.102,0.071,-0.228,0.121,-0.116,"TCGA-DH-A66B"
0.04,0.03,0.041,-0.004,-0.107,0.067,0.004,0.158,-0.259,0.052,-0.033,-0.079,0.037,0.044,-0.074,-0.195,0.089,-0.203,0.127,-0.058,"TCGA-HT-A614"
0.003,0.109,0.016,-0.087,-0.125,0.027,-0.015,-0.004,-0.126,-0.003,0.032,-0.025,-0.27,-0.115,-0.082,-0.062,0.07,-0.154,0.061,-0.341,"TCGA-QH-A65V"
0.127,0.03,0.053,-0.017,-0.119,0.084,0.016,0.015,-0.236,-0.056,-0.056,0.055,-0.183,-0.043,-0.073,-0.102,0.087,-0.082,0.135,-0.235,"TCGA-DB-A64L"
0.081,0.067,0.052,0.057,-0.017,0.099,-0.003,0.015,-0.262,0.009,-0.42,-0.02,-0.26,-0.082,0.04,-0.037,0.116,-0.257,-0.04,-0.054,"TCGA-DB-A64O"
0.033,0.074,0.052,0.08,0.109,0.162,-0.035,-0.015,-0.018,-0.035,-0.132,0.005,-0.208,-0.072,-0.077,-0.184,0.035,-0.523,-0.018,-0.074,"TCGA-HT-A617"
0.061,0.054,-0.006,-0.063,-0.047,-0.013,0.079,0.055,0.026,0.058,0.042,-0.005,-0.125,-0.005,0.102,-0.13,0.053,-0.226,0.06,-0.253,"TCGA-R8-A6ML"
0.009,0.063,0.015,-0.108,-0.029,-0.032,0.033,0.049,-0.082,0.025,0.072,0.017,-0.212,-0.042,-0.037,-0.503,0.068,-0.285,0.048,-0.267,"TCGA-KT-A74X"
0.089,0.075,0.014,1.109,0.345,0.44,0.037,0.013,-1.058,0.036,-0.201,0.01,-0.17,-0.024,-0.017,-0.064,0.054,-0.219,-0.059,0.089,"TCGA-QH-A6XC"
0.095,0.059,0.007,-0.065,-0.125,0.317,0.051,0.028,-0.016,0.021,0.065,-0.015,-0.128,0.002,0.099,-0.043,0.119,-0.276,0.036,-0.065,"TCGA-P5-A731"
0.054,0.082,0.022,0.136,0.084,0.255,0.173,0.231,-0.161,-0.075,0.017,-0.004,-0.227,0,0.063,-0.106,0.049,-0.398,0.144,-0.041,"TCGA-HT-A74J"
0.118,0.043,0.007,-0.111,0.068,0.266,0.071,0.049,0.084,-0.039,-0.01,-0.04,-0.151,-0.033,0.169,-0.058,0.079,-0.264,0.268,-0.043,"TCGA-TM-A7C4"
0.086,0.028,-0.003,-0.072,-0.092,-0.044,0.071,0.072,0.01,-0.063,0.031,0.204,-0.208,-0.047,0.172,-0.091,0.093,-0.242,0.079,-0.267,"TCGA-QH-A65X"
0.014,0.025,0.026,-0.086,-0.087,0.03,0.071,0.009,-0.048,0.001,0.061,-0.026,-0.244,-0.007,0.063,-0.087,0.046,-0.405,0.087,-0.001,"TCGA-S9-A6TU"
0.06,-0.025,0,-0.065,-0.096,-0.006,0.049,0.186,0.002,0.056,0.058,-0.02,-0.12,-0.056,0.079,-0.088,0.038,-0.298,0.081,-0.032,"TCGA-QH-A6XA"
0.03,0.005,0.032,-0.12,-0.259,0.31,0,0.006,-0.035,-0.012,0.045,-0.035,-0.275,-0.043,0.054,-0.008,0.097,-0.308,0.092,-0.44,"TCGA-HT-A74L"
0.132,0.026,0.027,-0.018,-0.018,0.022,0.045,0.021,0.028,-0.004,0.074,0.044,-0.136,-0.099,0.076,-0.059,0.075,-0.287,0.061,-0.236,"TCGA-HT-A74K"
0.149,-0.032,-0.015,0.007,-0.054,0.141,0.071,0.007,-0.537,0.034,-0.155,-0.042,-0.112,-0.008,0.053,-0.158,0.091,-0.167,0.052,-0.229,"TCGA-P5-A780"
0.125,0.046,0.039,-0.079,-0.069,-0.013,0.025,0.015,0.059,0.067,0.067,-0.013,-0.129,-0.084,-0.008,-0.078,0.09,-0.381,0.032,-0.227,"TCGA-P5-A781"
0.095,0.023,0.025,0.008,-0.102,0.046,0.045,0.002,-0.082,-0.013,0.031,-0.009,-0.139,-0.02,0.002,-0.115,0.074,-0.241,0.06,0.067,"TCGA-P5-A72X"
0.096,-0.068,-0.051,-0.004,-0.101,0.338,0.059,0.004,-0.046,-0.291,0.026,-0.016,-0.09,-0.048,0.062,-0.089,0.047,-0.279,0.001,0.016,"TCGA-P5-A733"
0.042,-0.011,0.02,-0.03,-0.076,0.033,0.013,0.01,-0.037,0.07,0.103,-0.017,-0.22,-0.047,-0.012,-0.047,0.025,-0.332,0.009,-0.025,"TCGA-S9-A6TZ"
0.131,0.059,0.07,-0.077,-0.008,0.108,0.08,0.069,0.018,-0.036,-0.033,0.035,-0.388,-0.01,-0.086,-0.183,0.167,-0.346,0.103,-0.269,"TCGA-DU-A76R"
0.068,-0.004,0.04,-0.024,-0.066,0.165,0.062,0.018,-0.136,-0.035,0.022,-0.027,-0.16,0.078,0.124,-0.507,0.082,-0.307,-0.026,0.037,"TCGA-DB-A75O"
0.097,0.027,0.016,-0.045,-0.043,0.057,0.055,0.051,-0.138,0.016,0.036,-0.004,-0.146,0.033,0.043,-0.607,0.082,-0.313,0.09,-0.122,"TCGA-P5-A737"
0.072,0.184,0.073,1.176,0.076,0.254,-0.025,-0.002,-0.414,0.039,-0.089,0.001,-0.221,-0.029,0.116,-0.033,0.07,-0.241,-0.023,-0.22,"TCGA-S9-A6U0"
0.061,0.005,0.03,-0.06,-0.083,0.002,-0.014,0.058,0.037,0.054,0.084,-0.016,-0.207,-0.018,0.121,-0.089,0.118,-0.207,0.083,-0.185,"TCGA-DB-A75K"
0.113,-0.001,0.039,-0.042,-0.103,0.058,-0.02,0.318,-0.12,0.051,0.129,0.048,-0.307,0.063,0.083,-0.125,0.11,-0.443,0.103,0.019,"TCGA-QH-A6CW"
0.042,0.031,-0.008,0.999,0.079,0.221,0.015,-0.024,-0.367,0.038,-0.078,-0.02,-0.167,0.046,-0.027,-0.046,0.074,-0.252,-0.023,-0.022,"TCGA-QH-A6CX"
0.161,0,0.059,-0.019,-0.116,0.116,0.133,0.129,-0.196,0.05,0.03,-0.033,-0.233,0.03,-0.046,-0.189,0.198,-0.213,0.146,-0.018,"TCGA-DU-A6S7"
0.013,0.052,0.03,-0.066,-0.073,0.137,-0.051,-0.004,0.154,0.23,0.116,-0.008,-0.204,0.009,0.114,-0.126,0.159,-0.381,0.138,-0.001,"TCGA-DU-A76O"
0.21,-0.05,-0.011,1.149,0.227,0.286,0.006,0.032,0.044,0.026,-0.337,-0.231,-0.195,0.779,0.005,-0.116,0.09,-0.337,-0.064,0.186,"TCGA-TM-A7C3"
0.096,0.041,-0.002,0.092,0.164,0.215,-0.03,-0.143,-0.148,0.047,-0.103,-0.012,-0.154,0.536,0.033,0.008,0.062,-0.204,-0.006,0.076,"TCGA-P5-A72U"
0.077,-0.03,0.013,-0.005,-0.13,0.354,0.048,-0.022,-0.15,0.086,0.107,0.011,-0.136,0.004,0.075,-0.103,0.108,-0.366,0.11,-0.068,"TCGA-QH-A6X9"
0.185,0.013,0.076,-0.022,-0.153,0.081,0.041,0.044,-0.115,-0.197,0.065,-0.042,-0.14,0.052,0.021,-0.106,0.084,-0.33,0.064,0.023,"TCGA-S9-A6U9"
0.066,0.035,0.019,-0.06,-0.057,0.02,-0.001,0.025,-0.212,0.033,0.034,-0.016,-0.219,0.002,0.064,-0.118,0.098,-0.324,0.061,-0.287,"TCGA-S9-A6TX"
0.132,0.021,0.021,-0.007,-0.086,0.095,0.009,0.01,-0.351,0.164,0.058,0.152,-0.196,-0.018,0.092,-0.125,0.11,-0.359,0.023,-0.177,"TCGA-S9-A6TW"
0.126,0.01,0.025,-0.034,-0.083,0.074,0.042,0.048,0.01,0.019,0.038,-0.004,-0.186,0.001,-0.088,-0.079,0.09,-0.25,0.123,-0.182,"TCGA-P5-A730"
0.076,-0.009,0.002,-0.017,-0.074,0.048,0.026,0.039,-0.992,-0.388,0.014,0.067,-0.214,-0.043,0.084,-0.097,0.074,-0.297,-0.019,-0.289,"TCGA-DU-A6S8"
0.072,-0.003,0.024,0.013,-0.065,0.084,-0.021,0.013,0.04,0.041,0.039,-0.001,-0.115,0.028,0.053,-0.09,0.045,-0.221,0.016,-0.14,"TCGA-QH-A6X4"
0.054,-0.037,0.017,-0.036,-0.158,0.127,0.079,-0.01,0.084,0.057,0.034,-0.018,-0.237,0.037,0.074,-0.07,0.06,-0.375,0.044,-0.24,"TCGA-QH-A6X5"
0.119,0.031,0.014,-0.019,-0.005,0.096,0.004,0.004,0.092,0.019,0.063,-0.012,-0.165,0.011,0.057,-0.051,0.034,-0.2,0.148,-0.16,"TCGA-FG-A713"
0.164,0.035,0.04,-0.01,-0.114,0.053,0.053,0.069,0.138,0.037,0.031,-0.009,-0.133,0.046,0.115,-0.054,0.111,-0.36,0.054,-0.399,"TCGA-R8-A73M"
0.063,0.044,0.061,0.036,0.206,0.333,-0.064,0.172,0.021,0.046,0.073,0.042,-0.374,-0.045,-0.032,-0.112,0.087,-0.386,0.123,-0.031,"TCGA-HT-A74O"
0.159,-0.01,0.033,-0.026,-0.054,0.162,0.002,0.017,-0.44,0.004,0.032,-0.006,-0.235,0.04,0.019,-0.093,0.09,-0.384,0.018,-0.048,"TCGA-R8-A6YH"
0.118,-0.02,-0.046,-0.126,-0.067,-0.013,0.05,0.023,0.007,-0.02,0.033,-0.073,-0.053,-0.049,0.225,-0.035,0.107,-0.052,0.021,-0.369,"TCGA-P5-A77X"
0.134,0.068,0.002,-0.135,0.197,0.314,0.054,0.063,-0.141,-0.051,0.041,-0.009,-0.388,-0.158,0.019,-0.056,0.145,-0.363,0.146,-0.334,"TCGA-DU-A6S6"
0.109,-0.032,0.017,0.296,0.141,0.3,0.022,0.008,-0.936,0.008,-0.216,-0.026,-0.217,-0.02,0.099,-0.092,0.09,-0.163,-0.019,-0.017,"TCGA-DU-A76L"
0.105,0.05,0.029,-0.036,-0.088,-0.018,0.022,0.037,-0.004,0.037,0.108,0.021,-0.282,0.048,0.097,-0.362,0.081,-0.383,0.11,-0.088,"TCGA-QH-A6CY"
0.139,0.036,0.045,-0.032,-0.104,0.309,0.052,0.044,-0.189,-0.02,0.011,-0.022,-0.276,0.039,0.123,-0.129,0.08,-0.372,0.11,0.039,"TCGA-QH-A6X3"
0.074,0.071,-0.013,-0.022,0.104,0.246,0.018,0.03,-0.143,0.034,0.075,-0.037,-0.169,-0.071,0.146,-0.147,0.091,-0.324,0.052,-0.062,"TCGA-P5-A736"
0.019,0.045,0.034,-0.122,-0.132,0.012,0.009,0.044,0.009,-0.019,0.12,-0.04,-0.252,-0.017,0.179,-0.008,0.069,-0.201,0.138,-0.206,"TCGA-DU-A6S2"
0.125,0.017,0.016,-0.049,0.004,0.025,0.053,0.024,-0.424,-0.163,-0.024,-0.004,-0.142,-0.06,0.165,-0.074,-0.007,-0.173,-0.011,-0.076,"TCGA-DB-A75P"
0.133,-0.031,0.007,0.028,-0.03,0.103,0.099,0.168,-0.138,0.019,0.02,-0.041,-0.119,-0.044,0.076,-0.117,0.107,-0.205,0.087,-0.014,"TCGA-TM-A7CF"
0.056,0,0.009,-0.055,-0.059,0.027,0.019,0.053,0.029,-0.008,-0.012,-0.032,-0.161,-0.083,0.022,-0.135,0.078,-0.249,0.035,0.019,"TCGA-P5-A735"
0.117,0.083,0.021,0.017,-0.103,0.044,0.004,0.037,-0.12,0.014,0.048,0.032,-0.21,-0.057,0.051,-0.12,0.111,-0.275,0.061,-0.256,"TCGA-QH-A6CZ"
0.121,-0.002,0.034,-0.002,0.012,0.123,0.039,0.07,-0.08,0.087,0.056,0.018,-0.139,-0.003,0.119,-0.092,0.11,-0.358,-0.022,-0.213,"TCGA-TM-A7C5"
0.097,0,0.003,-0.055,-0.078,-0.007,0.062,0.039,-0.081,-0.026,0.024,-0.068,-0.075,-0.036,0.118,-0.143,0.078,-0.214,0.117,-0.015,"TCGA-DB-A75M"
0.112,0.044,0.038,-0.085,-0.081,0.039,0.027,0.113,-0.003,0.005,0.05,-0.049,-0.16,0.004,0.186,-0.07,0.104,-0.268,0.058,-0.238,"TCGA-R8-A6MK"
0.107,0.048,0.014,0.172,0.188,0.255,0.195,0.219,-0.114,-0.009,0.063,0.162,-0.19,0.001,0.155,-0.141,0.092,-0.34,0.083,-0.199,"TCGA-S9-A6TY"
0.095,0.063,0.054,0.003,0.004,0.068,0.035,0.393,0.001,-0.02,0.016,0.113,-0.285,-0.128,0.054,-0.54,0.073,-0.296,0.029,0.013,"TCGA-P5-A72W"
0.097,0.013,-0.023,-0.012,-0.045,0.086,0.02,0.043,-0.784,-0.091,-0.016,0.121,-0.177,-0.012,0.104,-0.108,0.106,-0.262,0.105,-0.076,"TCGA-DB-A75L"
0.055,0.1,0.047,0.081,0.076,0.174,-0.053,0.017,-0.039,0.081,0.027,0.02,-0.271,0.007,0.033,-0.048,0.054,-0.274,-0.003,-0.019,"TCGA-HT-A74H"
0.102,0.011,0.018,-0.002,-0.023,0.01,0.012,0.018,-0.065,0.124,0.064,0.028,-0.183,-0.019,0.024,-0.209,0.103,-0.262,0.03,-0.146,"TCGA-DU-A6S3"
0.167,0.024,0.026,-0.044,-0.155,0.023,0.062,0.05,-0.382,-0.383,0.092,-0.008,-0.228,-0.003,0.014,-0.125,0.117,-0.474,0.064,-0.222,"TCGA-P5-A72Z"
0.178,-0.02,0.022,-0.015,0.039,0.06,0.038,0.082,0.022,0.042,0.117,-0.019,-0.146,-0.056,0.115,-0.045,0.114,-0.233,0.024,-0.196,"TCGA-P5-A77W"
0.169,0.006,0.097,-0.035,-0.042,0.013,0.06,0.007,0.096,0.029,0.209,-0.022,-0.133,0.009,-0.044,-0.416,0.058,-0.218,0.042,-0.164,"TCGA-QH-A6X8"
-0.028,0.147,-0.02,-0.206,-0.004,-0.024,0.025,0.013,-0.071,-0.013,0.014,-0.003,-0.202,-0.1,0.08,-0.028,0.098,-0.138,0.079,-0.001,"TCGA-FG-8189"
-0.01,0.106,-0.029,-0.087,-0.075,-0.032,0.031,0.007,-0.146,-0.002,0.002,-0.027,-0.144,-0.019,0.082,-0.316,0.018,0.147,0.089,0.031,"TCGA-DU-A5TP"
0.007,0.129,-0.019,0.076,0.131,0.207,0.03,0.001,-0.124,-0.067,-0.048,-0.06,-0.179,-0.068,-0.071,-0.132,0.103,-0.165,0.123,-0.013,"TCGA-DU-A5TR"
-0.057,0.015,-0.01,-0.055,-0.06,-0.006,0.031,0.16,-0.396,-0.016,-0.01,-0.067,-0.216,-0.177,-0.042,-0.231,0.083,-0.08,0.046,-0.044,"TCGA-P5-A5F4"
0.048,0.111,0.024,-0.089,-0.094,0.006,0.007,0.047,0.009,0.053,0.055,-0.008,-0.249,-0.054,-0.091,-0.058,0.1,-0.258,0.065,-0.318,"TCGA-P5-A5EX"
0.055,0.043,-0.022,0.093,0.123,0.249,0.03,0.053,-0.095,-0.07,0.015,-0.085,0.128,-0.255,-0.285,-0.423,0.095,-0.086,0.077,0.017,"TCGA-DU-A5TU"
0.074,0.048,0.002,0.154,0.224,0.2,-0.05,0.03,-0.006,0.032,0.078,-0.043,-0.202,-0.036,0.024,-0.035,0.063,-0.253,0.114,-0.261,"TCGA-HT-A5R9"
0.208,-0.083,-0.116,-0.326,-0.282,0.215,-0.123,-0.094,-0.323,-0.162,0.118,-0.137,0.03,0.071,0.141,0.122,-0.044,-0.217,-0.117,-0.231,"TCGA-P5-A5F6"
0.089,0.048,0.05,0.53,0.151,0.272,0.007,0.027,-1.379,-0.017,-0.336,0.009,-0.267,-0.006,-0.047,-0.052,0.096,-0.1,-0.031,0.037,"TCGA-HT-A5RA"
0.094,0.007,0.01,-0.047,1.395,0.474,0.038,0.064,-0.084,0.006,-0.098,-0.079,-0.156,-0.19,-0.127,-0.114,0.069,-0.092,0.118,-0.051,"TCGA-HT-A5R7"
0.166,0.092,-0.012,0.217,0.282,0.253,-0.031,0.007,0.025,0.044,-0.012,-0.014,-0.111,0.229,0.016,-0.091,0.079,-0.292,-0.015,-0.045,"TCGA-DU-A5TT"
0.144,-0.197,-0.121,0.137,0.073,0.09,0.047,0.459,-1.97,0.162,0.057,0.046,-0.159,0.065,-0.06,-0.488,0.117,-0.153,-0.038,-0.045,"TCGA-HT-7477"
0.049,-0.212,0.033,-0.047,0.007,0.023,-0.012,0.156,-0.052,-0.037,0.02,-0.002,-0.096,-0.02,-0.038,-0.183,0.023,-0.189,0.095,-0.118,"TCGA-DU-A5TS"
0.016,0.073,0.061,1.165,0.195,0.289,-0.02,0.006,-0.612,-0.003,-0.315,0.024,-0.268,-0.055,-0.094,-0.092,0.075,-0.075,-0.006,0.158,"TCGA-FG-A4MU"
0.029,0.072,0.013,-0.118,0.004,-0.086,-0.014,0.018,-0.112,-0.024,0.014,-0.011,-0.214,-0.038,-0.032,-0.054,0.04,-0.188,-0.06,-0.087,"TCGA-HT-8015"
0.042,0.037,-0.017,0.916,0.132,0.139,-0.013,0.012,-0.152,-0.115,-0.229,-0.048,0.126,0.531,1.308,0.049,0.095,-0.08,-0.019,-0.089,"TCGA-DU-A5TY"
0.061,0.081,0.031,-0.099,-0.057,0.012,0.01,0.018,-0.207,0.018,0.068,-0.007,-0.312,-0.063,-0.029,-0.602,0.102,-0.385,0.026,-0.09,"TCGA-FG-A60J"
0.008,0.08,0.005,0.116,0.162,0.218,-0.025,0.019,-0.096,-0.059,0.055,-0.025,-0.25,-0.026,-0.15,-0.088,0.08,-0.14,0.033,-0.24,"TCGA-P5-A5F0"
0.077,0.059,0.027,-0.057,0.022,0.032,-0.007,0.017,-0.237,-0.057,0.042,0.016,-0.265,0.029,0.037,-0.145,0.053,-0.286,0.149,-0.077,"TCGA-HT-A5RB"
0.018,0.067,0.005,-0.068,-0.058,0.206,0.013,0.174,-0.066,0.04,0.049,-0.003,-0.207,-0.021,0.07,-0.08,0.07,-0.21,0.018,-0.09,"TCGA-P5-A5F1"
0.006,0.051,0.001,0.203,0.329,0.438,0.015,0.199,-0.053,-0.029,-0.03,0.072,-0.211,-0.067,0.007,-0.061,0.129,-0.141,0.072,-0.016,"TCGA-DU-A5TW"
0.036,0.163,0.002,0.004,0.055,0.224,0.037,0.04,-0.094,-0.039,0.011,-0.021,-0.273,-0.013,-0.101,-0.112,0.08,-0.142,0.053,-0.1,"TCGA-HT-A5R5"
0.047,0.245,0.007,-0.043,-0.077,0.026,-0.017,0.103,-0.317,-0.008,-0.022,-0.023,-0.291,-0.031,-0.124,-0.07,0.095,-0.126,0.057,-0.059,"TCGA-P5-A5F2"
0.048,0.103,0.046,0.945,0.123,0.173,-0.009,0.038,-1.105,0.006,-0.224,-0.034,-0.33,0.41,-0.062,-0.105,0.072,-0.23,-0.037,-0.049,"TCGA-HT-A5RC"
0.102,0.072,0.048,-0.017,0.024,0.055,-0.036,0.02,-0.033,0.092,0.171,0.023,-0.054,0.083,0.054,-0.075,0.03,-0.241,0.014,-0.14,"TCGA-S9-A6WI"
0.127,0.074,0.065,0.004,-0.045,0.024,-0.004,0.001,-0.157,0.031,0.088,-0.016,-0.073,0.14,0.041,-0.006,0.098,-0.264,0.083,-0.198,"TCGA-S9-A6UB"
0.211,0.092,0.068,-0.083,-0.04,-0.019,-0.007,0.044,-0.499,0.174,0.156,0.096,-0.181,0.078,0.035,-0.087,0.057,-0.401,0.06,-0.216,"TCGA-S9-A6WH"
0.207,0.093,0.035,0.008,-0.082,0.066,0.199,0.286,-0.065,0.098,0.066,0.026,-0.211,0.046,0.012,-0.184,0.074,-0.33,-0.026,-0.219,"TCGA-TQ-A7RQ"
0.144,0.081,0.001,0.006,-0.046,0.133,-0.017,0.015,-0.011,0.03,0.135,0.018,-0.225,0.066,0.013,-0.065,0.052,-0.324,-0.026,-0.176,"TCGA-TQ-A7RG"
0.076,0.088,0.047,-0.032,0.001,0.014,-0.052,0.018,-0.171,0.007,0.067,0.02,-0.213,0.055,0.137,-0.105,0.065,-0.297,0.032,-0.159,"TCGA-S9-A6WL"
0.161,0.044,0.013,-0.008,-0.084,0.194,-0.056,0.034,-0.062,0.036,0.118,-0.022,-0.104,0.101,0.069,-0.11,0.066,-0.292,0.074,-0.125,"TCGA-DH-A7US"
0.167,-0.036,-0.084,0.037,-0.006,0.133,0.069,0.168,-0.241,-0.241,0.064,0.074,-0.049,0.04,0.048,-0.02,0.08,-0.188,0.037,-0.206,"TCGA-DU-A7T6"
0.166,0.038,0.012,0,-0.074,0.015,-0.032,0.076,-0.017,-0.023,0.13,-0.017,-0.08,0.077,-0.007,-0.091,0.087,-0.258,-0.023,-0.276,"TCGA-TQ-A7RS"
0.09,0.055,0.041,0.022,-0.047,0.061,-0.045,0.007,-0.049,0.079,0.096,-0.012,-0.113,0.044,-0.011,-0.164,0.031,-0.221,0.024,-0.143,"TCGA-S9-A6WN"
0.118,0,0.088,-0.027,-0.085,0.122,-0.055,0.024,-0.426,0.114,0.075,0.018,-0.21,0.059,0.023,-0.177,0.088,-0.289,0.025,0.085,"TCGA-S9-A6TS"
0.124,0.024,0.016,-0.012,-0.115,0.073,0.091,0.053,-0.143,-0.029,-0.015,0.009,-0.105,0.007,0.102,-0.232,0.036,-0.695,-0.066,0.173,"TCGA-TQ-A7RJ"
0.04,0.045,0.075,-0.045,-0.127,-0.046,-0.011,-0.009,-0.677,0.016,0.039,0.049,-0.214,0.132,0.122,-0.383,-0.019,-0.224,0.119,0.277,"TCGA-S9-A6UA"
0.083,0.288,0.051,-0.048,-0.148,0.46,0.029,0.045,-0.282,0.05,0.11,0.013,-0.123,0.005,-0.012,-0.121,0.029,-0.33,0.07,0.102,"TCGA-FG-A711"
0.016,0.05,0.014,0.116,0.191,0.301,0.044,0.039,-0.028,-0.042,0.109,-0.002,-0.018,0.001,0.016,-0.103,-0.368,-0.141,0.006,-0.149,"TCGA-TQ-A7RI"
0.117,0.019,0.005,0.033,0.17,0.391,-0.054,0,-0.031,0.017,0.041,-0.053,-0.126,0.032,0.003,-0.079,0.089,-0.283,0.018,0.037,"TCGA-TM-A7CA"
0.089,0.001,0.045,0.944,0.172,0.278,0.006,-0.038,-0.853,0.016,-0.241,-0.025,-0.15,0.44,-0.058,-0.326,0,-0.177,-0.02,0.03,"TCGA-FG-A70Z"
0.244,0.041,0.026,-0.013,-0.058,0.042,0.005,0.013,-0.127,0.083,0.022,0.033,-0.062,0.012,-0.015,-0.172,0.028,-0.305,-0.026,-0.072,"TCGA-DU-A7TB"
0.066,0.065,0.043,0.216,0.203,0.296,0.107,0.105,-0.179,-0.082,0.071,-0.001,-0.088,0.067,0.115,-0.227,0.067,-0.256,-0.012,0.232,"TCGA-DU-A7TA"
0.101,0.021,0.064,-0.048,-0.087,0.078,-0.032,0.19,-0.023,0,0.134,0.009,-0.108,0.076,0.002,-0.12,0.071,-0.425,0.027,0.1,"TCGA-S9-A6U6"
0.121,0.034,0.029,-0.013,-0.031,0.04,0.058,0.047,0.063,0.092,0.099,0.007,-0.105,0.019,0.04,-0.089,0.05,-0.173,-0.014,-0.257,"TCGA-FG-A710"
0.17,0.061,0.037,-0.063,-0.149,-0.001,-0.101,-0.008,0.118,0.033,0.068,-0.052,-0.176,0.023,0.005,-0.109,0.082,-0.414,0.048,-0.197,"TCGA-R8-A6MO"
0.17,0.088,-0.024,0.018,-0.015,0.355,0.07,0.259,0.19,0.339,-0.106,-0.018,-0.182,0.06,-0.018,-3.32,0.019,-0.272,-0.035,0.086,"TCGA-TQ-A7RM"
0.099,0.159,0.043,-0.031,-0.025,0.035,0.026,0.026,-0.473,0.063,0.099,-0.026,-0.118,0.058,0.121,-0.148,0.073,-0.337,0.03,-0.031,"TCGA-DH-A7UR"
0.108,0.141,-0.011,-0.102,-0.053,0.069,0.031,0.043,-0.085,-0.045,0.016,0.044,-0.142,0.024,0.054,-0.104,0.093,-0.168,0.092,0.067,"TCGA-TQ-A7RN"
0.163,0.038,0.057,-0.053,-0.103,0.36,0.013,-0.021,-0.226,0.088,0.009,0.005,-0.137,0.028,-0.03,-0.136,0.031,-0.256,0.099,-0.14,"TCGA-VW-A7QS"
0.085,0.388,0.03,-0.016,-0.034,0.208,-0.034,-0.041,-0.083,-0.016,0.012,-0.028,-0.123,0.039,0.03,-0.109,0.078,-0.243,0.177,0.141,"TCGA-TQ-A7RK"
0.072,0.097,0.036,0.026,-0.015,0.059,0.014,0.036,-0.089,0.065,0.097,0.193,-0.179,0.077,0.058,-0.138,0.099,-0.36,0.086,-0.2,"TCGA-S9-A6WD"
0.186,0.079,0.055,-0.021,-0.11,0.065,0.047,0.042,-0.068,0.071,0.122,0.024,-0.053,0.045,0.005,-0.105,0.169,-0.155,0.097,0.142,"TCGA-S9-A6U1"
0.104,0.091,0.033,0.018,-0.01,0.16,-0.025,0.049,-0.06,0.022,0.115,0.021,-0.11,0.115,-0.041,-0.092,0.04,-0.276,0.092,0.098,"TCGA-S9-A6U8"
0.171,0.089,0.036,-0.012,-0.073,0.09,-0.003,0.049,-0.071,0.016,0.091,0.009,-0.109,0.043,0.007,-0.103,0.071,-0.325,0.02,-0.006,"TCGA-TQ-A7RO"
0.15,0.069,0.05,-0.057,-0.039,0.102,0,0.065,-0.048,0.057,0.109,0.015,-0.107,0.031,0.016,-0.093,0.058,-0.244,0.076,-0.204,"TCGA-S9-A6U2"
0.137,0.04,0.029,-0.01,-0.018,0.211,-0.028,0.166,-0.351,0.076,0.064,-0.007,-0.09,0.044,0.003,-0.412,0.112,-0.221,0.022,0.043,"TCGA-TQ-A7RW"
0.132,0.003,-0.01,0.178,0.262,0.317,-0.066,-0.005,-0.712,0.016,-0.18,-0.033,-0.101,0.063,-0.063,-0.121,0.032,-0.217,-0.093,0.134,"TCGA-DU-A76K"
0.158,0.117,0.046,-0.076,-0.135,0.065,-0.089,0.042,-0.042,-0.024,0.076,-0.021,-0.162,0.115,0.166,-0.094,0.081,-0.398,0.06,-0.214,"TCGA-S9-A6WE"
0.191,0.082,0.138,1.41,0.427,0.525,-0.203,-0.135,-1.728,0.03,-0.459,-0.344,-0.12,0.04,-0.02,-0.053,0.012,-0.298,-0.103,0.051,"TCGA-S9-A6WM"
0.088,0.012,0.023,-0.018,-0.044,0.119,-0.012,0.24,-0.026,-0.025,0.13,0.008,-0.049,0.133,0,-0.061,-0.01,-0.218,0.021,0.091,"TCGA-S9-A6WG"
0.113,0.091,0.026,-0.019,-0.058,0.069,-0.008,0.025,-0.074,0.002,0.088,0.021,-0.077,0.105,0.043,-0.095,0.031,-0.182,0.043,-0.152,"TCGA-S9-A6U5"
0.121,-0.007,0.022,0.008,-0.016,0.069,-0.02,0.244,0.023,0.033,0.089,0.009,0.254,0.107,-0.083,-0.17,0,-0.201,-0.005,0.128,"TCGA-DU-A7TI"
0.169,0.028,0.05,0.019,-0.061,0.011,-0.021,0.036,0.043,0.02,0.089,-0.013,-0.146,0.049,0.018,-0.028,0.079,-0.24,-0.061,0.041,"TCGA-TQ-A7RF"
0.112,0.07,0.258,0.439,0.248,0.388,-0.057,-0.004,-2.868,-0.509,-0.495,-0.007,-0.2,0.025,0.028,-0.031,0.085,-0.177,-0.004,0.025,"TCGA-OX-A56R"
0.145,0.667,0.027,1.293,0.289,0.486,-0.059,-0.001,0.015,0.089,-0.46,-0.028,-0.128,0.077,-0.101,-0.504,-0.409,-0.563,-0.094,0.039,"TCGA-19-A60I"
0.053,0.082,0.041,1.453,0.243,0.418,-0.011,-0.062,-1.349,0.031,-0.271,-0.023,-0.062,0.121,0.049,-0.113,0.074,-0.311,-0.08,0.204,"TCGA-RR-A6KC"
0.149,0.049,0.011,0.202,0.136,0.373,-0.329,0.018,-0.893,0.069,-0.697,-0.012,-0.105,0.044,-0.077,-0.049,0.082,-0.189,-0.001,-0.091,"TCGA-06-A5U1"
0.11,0.05,0.023,0.138,0.113,0.231,0.048,0.055,-0.104,-0.045,-0.071,-0.008,-0.126,0.094,-0.027,0.085,0.153,-0.087,0.016,0.149,"TCGA-19-A6J4"
0.312,0.031,0.025,0.049,-0.07,0.16,-0.058,0.004,-0.431,0.037,-2.408,-0.02,-0.088,0.082,0.078,-0.114,0.026,-0.254,-0.147,-0.09,"TCGA-06-A5U0"
0.071,0.093,0.009,0.23,0.178,0.206,-0.028,-0.018,-0.416,-0.153,-0.031,0.019,-0.157,0.651,-0.013,-0.07,0.064,-0.192,-0.041,0.128,"TCGA-RR-A6KB"
0.19,0.052,-0.023,1.472,0.223,0.45,-0.053,-0.042,-2.026,0.024,-0.269,-0.049,-0.209,0.085,0.055,-0.06,0.06,-0.232,-0.088,0.031,"TCGA-06-A6S0"
0.12,0.081,0.02,0.326,0.199,0.435,-0.093,0.081,-2.518,0.371,-0.31,0.014,-0.171,0.038,-0.064,-0.099,0.053,-0.288,0.051,0.472,"TCGA-19-A6J5"
0.146,0.11,0.074,0.971,0.103,0.288,-0.063,-0.006,-0.252,-0.236,-0.562,0.023,-0.339,0.009,0.052,-0.04,0.052,-0.259,-0.048,-0.32,"TCGA-06-A6S1"
0.17,0.047,0.056,0.176,0.164,0.276,0.004,0.014,-0.602,-0.008,-0.116,-0.057,-0.264,0.816,0.077,-0.054,0.152,-0.216,-0.031,0.181,"TCGA-RR-A6KA"
0.15,-0.005,0.03,-0.089,0.347,0.417,0.019,0.217,-0.223,0.225,-0.077,-0.062,-0.28,0.032,-0.119,-0.202,0.101,-0.277,0.112,0.167,"TCGA-S9-A7QW"
0.095,0.033,0.021,0.127,0.079,0.254,-0.018,0.004,-0.518,-0.17,-0.162,-0.047,-0.236,-0.031,0.004,-0.162,0.097,-0.11,0.023,0.089,"TCGA-E1-A7YN"
0.069,0.004,0.059,1.172,-0.111,0.147,-0.036,-0.024,-1.541,0.044,-1.306,0.013,-0.21,-0.003,-0.026,-0.141,0.022,-0.063,-0.053,0.223,"TCGA-E1-A7YJ"
0.136,0.041,0.014,0.006,-0.096,0.164,0.024,0.02,-0.393,-0.112,-0.027,-0.034,-0.375,-0.178,-0.177,-0.283,0.114,-0.103,0.151,-0.288,"TCGA-E1-A7YS"
0.081,0.025,0.066,-0.09,-0.164,0.015,0.002,0.006,-0.262,-0.059,-0.034,-0.02,-0.275,-0.061,-0.041,-0.132,0.092,-0.179,0.085,-0.418,"TCGA-S9-A7J2"
0.106,0.024,0.03,0.137,0.063,0.28,0.115,0.098,-0.143,0.002,-0.039,0.115,-0.131,0.011,-0.079,-0.132,0.042,-0.112,0.124,0.105,"TCGA-DH-A7UT"
0.164,0.061,0.083,-0.034,0.071,0.174,-0.043,-0.03,-1.164,0.002,-0.189,-0.105,0.186,-0.031,-0.057,-0.323,0.093,-0.199,0.111,-0.037,"TCGA-S9-A7J0"
0.112,0.098,0.101,-0.068,-0.094,0.093,0.012,0.2,-0.272,-0.006,-0.015,-0.013,-0.189,0.003,-0.037,-0.134,0.071,-0.232,0.111,-0.078,"TCGA-S9-A6WP"
0.105,0.003,0.032,-0.044,0.153,0.111,0.044,0.193,-0.222,-0.021,-0.154,-0.081,-0.34,-0.079,-0.182,-0.217,0.088,-0.201,0.114,0.116,"TCGA-S9-A7QX"
0.164,0.122,-0.001,0.108,0.037,0.237,0.018,-0.025,-0.128,-0.016,0.071,-0.018,-0.189,-0.086,0.073,-0.171,0.071,-0.247,0.09,-0.073,"TCGA-S9-A7IQ"
0.07,0.033,0.103,-0.059,-0.13,0.04,0.019,0.195,-2.272,0.075,-0.137,-0.049,0.075,-0.031,-0.058,0.165,0.069,-0.102,0.173,0.084,"TCGA-E1-A7YI"
0.041,0.05,0.075,1.195,0.327,0.501,-0.036,-0.015,-1.85,-0.419,-0.364,0.012,-0.248,0.01,-0.084,-0.188,0.091,-0.137,0.066,0.104,"TCGA-DU-A7TD"
0.063,0.053,0.007,-0.05,-0.078,0.047,-0.04,0.072,-0.125,-0.019,-0.054,-0.007,0.035,-0.136,-0.509,-0.127,0.031,-0.146,0.094,0.068,"TCGA-TQ-A7RR"
0.086,-0.007,-0.004,0.171,0.082,0.302,0.142,0.156,-0.303,-0.032,-0.084,-0.024,-0.256,0.003,0.044,-0.44,0.028,-0.012,0.071,-0.239,"TCGA-TQ-A7RH"
0.067,0.054,0.027,-0.102,-0.07,-0.004,-0.021,-0.043,-0.148,0.037,-0.015,-0.014,-0.212,-0.026,-0.141,-0.198,0.037,-0.222,0.035,-0.17,"TCGA-E1-A7YO"
0.063,0.053,0.008,0.038,0.001,0.156,-0.003,-0.023,-0.191,-0.08,-0.067,-0.004,-0.116,-0.006,-0.098,-0.096,-0.006,-0.238,-0.089,0.116,"TCGA-TQ-A7RP"
0.026,0.022,0.027,0.212,0.123,0.289,-0.042,-0.02,-0.247,0.018,-0.264,-0.068,-0.218,0.504,-0.159,-0.449,0.001,-0.132,0.012,0.189,"TCGA-E1-A7YL"
0.059,0.008,0.042,-0.039,0.134,0.263,-0.031,-0.069,-0.189,-0.026,-0.026,-0.029,-0.157,0.015,-0.041,-0.121,0.022,-0.136,0.093,0.062,"TCGA-DH-A7UV"
0.081,0.034,0.064,-0.096,-0.09,0.062,-0.044,-0.062,-0.365,0.047,-0.019,-0.004,-0.289,-0.011,-0.052,-0.175,0.094,-0.149,0.116,-0.33,"TCGA-TQ-A7RU"
0.062,0.004,0.03,1.132,0.12,0.303,-0.01,-0.069,-2.182,0.016,-0.354,-0.004,-0.23,-0.058,-0.134,-0.154,0.07,-0.115,-0.054,0.202,"TCGA-KT-A7W1"
0.074,-0.008,0.067,-0.06,-0.058,0.044,-0.02,0.017,-0.189,0.02,0.046,-0.046,-0.153,-0.156,-0.359,-0.146,0.072,-0.145,0.105,0.029,"TCGA-S9-A6WQ"
0.092,0.05,0.064,-0.032,-0.163,0.106,0.005,0.125,-0.268,-0.001,-0.004,0.003,-0.195,-0.066,-0.061,-0.233,0.079,-0.209,0.027,0.098,"TCGA-TQ-A7RV"
0.087,0.024,0.016,-0.089,0.113,0.279,0.056,-0.015,-0.198,-0.059,0.014,-0.006,-0.255,-0.053,-0.011,-0.086,0.081,-0.138,0.147,-0.217,"TCGA-S9-A7QY"
0.094,0.022,0.011,-0.066,-0.121,0.106,-0.038,-0.038,-1.061,-0.01,-0.006,-0.023,-0.2,-0.035,0.013,-0.563,0.027,-0.079,0.093,0.011,"TCGA-S9-A7IS"
0.128,0.062,0.08,1.018,0.115,0.242,-0.107,-0.337,-0.483,-0.3,-1.896,-0.088,-0.322,0.791,-0.226,-0.513,0.128,-0.003,0.106,-0.131,"TCGA-E1-A7YD"
0.081,-0.037,0.008,-0.075,-0.095,0.098,0.009,-0.028,-0.129,0.018,0.003,0.042,-0.098,-0.025,-0.253,-0.2,0.048,-0.14,0.091,-0.028,"TCGA-E1-A7YK"
0.047,0.035,0.024,-0.064,0.05,0.266,0.15,0.197,-0.187,-0.019,0.014,0.028,-0.083,-0.034,-0.061,-0.179,0.02,-0.241,0.078,0.05,"TCGA-S9-A6WO"
0.114,0.002,0.043,0.123,0.094,0.241,-0.004,-0.026,-0.475,0.016,-0.027,-0.016,-0.21,-0.082,-0.111,-0.139,0.048,-0.214,0.096,0.003,"TCGA-S9-A7IZ"
0.045,0.01,-0.015,-0.018,-0.051,0.069,-0.018,0.014,-0.095,0.037,0.019,0.006,-0.122,-0.156,-0.387,-0.161,0.06,-0.138,0.151,0.004,"TCGA-E1-A7YH"
0.055,0.062,0.086,-0.023,-0.105,0.015,-0.051,-0.015,-0.567,-0.282,-0.127,-0.004,-0.262,-0.102,-0.076,-0.511,0.292,-0.267,0.073,-0.069,"TCGA-E1-A7YE"
0.061,0.039,0.014,0.088,0.05,0.163,-0.045,-0.016,-0.263,0.011,-0.2,-0.018,-0.207,-0.013,-0.089,-0.249,0.039,-0.052,-0.046,-0.004,"TCGA-E1-A7YM"
0.188,0.027,0.028,0.837,0.04,0.211,-0.001,-0.017,-0.96,0.044,-0.226,-0.022,-0.175,0.009,-0.113,-0.429,0.035,-0.15,-0.015,0.047,"TCGA-S9-A7IX"
0.048,0.055,0.003,-0.029,-0.061,0.104,-0.011,0.011,-0.189,0.016,0.025,-0.028,-0.068,-0.041,-0.015,-0.103,0.055,-0.062,0.107,-0.211,"TCGA-S9-A7IY"
0.118,0.055,0.046,-0.106,-0.15,-0.036,0.022,-0.033,-0.453,-0.029,0.036,-0.046,-0.307,-0.025,-0.15,-0.119,0.064,-0.17,0.106,0.019,"TCGA-S9-A7R8"
0.025,0.088,0.049,-0.133,-0.122,0.042,0.05,-0.05,-0.226,0.014,-0.022,0.014,-0.254,-0.158,-0.476,-0.538,0.038,-0.226,0.175,0.217,"TCGA-S9-A6TV"
0.068,0.088,0.156,-0.049,-0.129,0.063,-0.11,-0.049,-0.634,0.055,-0.383,-0.031,-0.323,0.569,-0.31,-0.129,0.08,-0.062,0.166,0.033,"TCGA-E1-A7YV"
0.061,0.076,0.107,-0.11,-0.164,-0.066,-0.056,0.343,-0.403,-0.009,0.042,-0.006,-0.332,0,-0.132,-0.497,0.051,-0.349,0.141,0.082,"TCGA-FG-A70Y"
0.038,0.033,0.022,1.187,0.167,0.329,-0.41,-0.007,-2.005,0.043,-0.379,0.02,-0.163,0.01,-0.078,-0.105,0.051,-0.082,-0.023,0.162,"TCGA-DU-A7TJ"
0.052,0.041,0.044,-0.091,-0.119,0.02,0.038,0.178,-0.189,-0.017,-0.008,-0.003,-0.263,0.007,-0.036,-0.2,0.036,-0.107,0.096,0.058,"TCGA-E1-A7YW"
0.077,0.02,0.01,-0.089,-0.138,0.035,-0.029,0.045,-0.145,0,-0.013,0,-0.239,-0.008,-0.051,-0.187,0.038,-0.195,0.026,-0.053,"TCGA-E1-A7YY"
0.098,0.05,-0.002,-0.073,-0.065,0.073,-0.044,0.004,-0.102,0.016,0.016,-0.007,-0.098,0.006,-0.071,-0.143,0.062,-0.098,0.044,-0.116,"TCGA-DU-A7TG"
0.036,-0.001,0.024,-0.095,-0.107,0.055,0.004,-0.015,-0.27,-0.043,-0.032,-0.04,-0.158,-0.035,-0.136,-0.145,0.032,-0.084,0.153,0.13,"TCGA-S9-A7R4"
0.232,0.018,0.041,-0.074,-0.1,0.525,0.023,-0.017,-0.368,-0.208,0.017,-0.016,-0.151,-0.045,0.003,-0.09,0.058,-0.184,0.032,-0.203,"TCGA-S9-A7R1"
0.049,0.064,0.002,-0.081,-0.141,0.05,-0.009,-0.041,-0.205,-0.03,-0.072,-0.032,-0.101,-0.159,-0.285,-0.151,0.078,-0.104,0.12,0.017,"TCGA-S9-A7R7"
0.097,0.06,0.013,-0.081,-0.084,0.036,-0.009,-0.03,-0.131,0.035,0.026,-0.017,-0.172,-0.074,-0.058,-0.237,0.057,-0.115,0.086,-0.194,"TCGA-S9-A7J3"
0.12,0.016,0.042,-0.089,-0.163,0.079,0.026,-0.027,-0.141,-0.023,-0.038,0.009,-0.134,-0.01,-0.114,-0.107,0.041,-0.173,0.09,0.043,"TCGA-E1-A7Z6"
0.328,0.011,0.052,0.738,-0.039,0.125,-0.202,-0.19,-0.307,-0.13,-0.344,-0.06,-0.036,0.062,-0.008,-0.214,0.041,-0.104,0.031,0.072,"TCGA-E1-A7YQ"
0.062,0.061,0.064,-0.029,0.129,0.361,-0.034,0.146,-0.139,-0.038,-0.006,0.015,-0.299,0.023,-0.027,-0.263,0.049,-0.311,0.021,-0.001,"TCGA-DU-A7T8"
0.107,0.041,0.029,-0.012,-0.086,0.091,-0.015,0.02,-0.078,0.053,0.025,-0.021,-0.119,0.024,-0.031,-0.09,0.066,-0.174,0.135,-0.313,"TCGA-S9-A7QZ"
0.124,0.066,0.023,0.019,-0.037,0.038,-0.038,0.141,-0.095,-0.007,0.049,-0.054,-0.247,0.003,0,-0.07,0.075,-0.165,0.07,-0.04,"TCGA-DU-A7TC"
0.046,0.022,0.011,-0.049,-0.061,0.085,-0.094,-0.035,-0.116,-0.01,-0.014,-0.04,-0.178,0.007,0.04,-0.109,0.036,-0.17,0.064,-0.187,"TCGA-S9-A7J1"
0.134,0.063,-0.004,-0.046,0.171,0.304,0.01,-0.056,-0.033,0.118,0.051,-0.042,-0.176,-0.043,-0.062,-0.165,0.055,-0.153,0.142,-0.031,"TCGA-E1-A7Z3"
0.083,0.01,0.019,-0.024,-0.172,0.106,0.009,0.005,-0.468,0.016,-0.108,-0.031,-0.292,0.021,-0.009,-0.163,0.1,-0.187,0.061,0.075,"TCGA-S9-A7R3"
0.045,0.022,0.075,-0.009,-0.083,0.128,-0.092,-0.035,-0.125,-0.065,-0.009,-0.003,-0.227,0.013,-0.158,-0.099,0.074,-0.225,0.089,0.087,"TCGA-E1-A7Z4"
0.117,0.067,0.04,-0.07,-0.169,0.074,-0.045,-0.049,-0.321,0.005,-0.015,-0.006,-0.209,0.006,0.018,-0.139,0.067,-0.229,0.174,0.217,"TCGA-E1-A7YU"
0.069,0.027,0.045,0.168,0.156,0.279,-0.017,-0.045,-0.101,0.016,-0.174,-0.038,-0.121,0.536,-0.024,-0.102,0.054,-0.152,-0.011,0.085,"TCGA-S9-A7R2"
0.137,0.061,0.018,0.287,-0.152,0.042,0.012,0.009,-1.357,-0.011,-0.342,-0.017,-0.261,0.008,0.04,-0.122,0.105,-0.147,0.005,0.018,"TCGA-E1-A7Z2"
0.226,-0.09,0.034,-0.001,-0.048,0.161,0.099,0.181,-0.245,0.02,0.015,0.079,-0.215,-0.058,-0.055,-0.086,0.142,-0.036,0.082,0.02,"TCGA-VM-A8C8"
0.139,0.078,0.039,-0.064,-0.089,0.103,-0.059,0.02,-0.099,-0.013,0.023,-0.019,-0.171,0.096,0.135,-0.5,0.096,-0.236,-0.084,-0.156,"TCGA-TM-A84S"
0.121,0.019,0.002,-0.037,-0.031,0.129,-0.031,0.053,-0.013,0.009,0.006,-0.025,-0.04,0.047,0.163,-0.095,0.101,-0.218,0.02,-0.401,"TCGA-RY-A83Y"
0.206,0.017,0.018,-0.013,-0.066,0.155,-0.021,-0.006,-0.23,-0.067,0.028,0.006,-0.202,-0.02,0.047,-0.134,0.049,-0.18,0.02,0.124,"TCGA-WH-A86K"
0.095,-0.019,-0.022,-0.014,-0.054,0.144,-0.04,0.019,-0.146,-0.023,-0.329,-0.066,-0.046,0.122,0.073,-1.465,0.045,-0.011,0.018,0.105,"TCGA-DH-A7UU"
0.159,0.098,-0.012,0.154,0.154,0.285,-0.015,0.319,-0.304,-0.081,0.049,-0.01,-0.166,0.077,0.077,-0.149,0.046,-0.307,-0.016,0.035,"TCGA-TM-A84H"
0.135,0.086,-0.057,-0.133,-0.059,0.063,0.002,0.024,-0.188,-0.051,0.082,-0.009,-0.089,0.005,0.231,-0.137,0.122,-0.105,0.027,-0.215,"TCGA-VM-A8CE"
0.123,0.054,0.017,0.025,0.013,0.155,-0.003,0.071,-0.228,-0.022,0.015,0.032,-0.203,0.037,0.175,-0.179,0.115,-0.135,0.004,-0.171,"TCGA-TM-A84M"
0.12,0.02,-0.026,-0.059,-0.027,0.068,0.024,0.035,-0.079,-0.014,0.022,-0.013,-0.016,-0.025,0.192,-0.122,0.047,-0.07,0.016,-0.087,"TCGA-QH-A86X"
0.204,0.152,0.046,-0.098,-0.098,0.068,0.018,0.036,-0.519,0.025,0.099,-0.021,-0.188,0.03,0.164,-0.125,0.085,-0.313,0.019,-0.235,"TCGA-TQ-A8XE"
0.243,0.063,0.054,-0.037,-0.074,0.153,0.298,0.359,-0.193,-0.189,0.063,0.14,-0.114,0.009,0.127,-0.279,0.088,-0.252,0.021,0.039,"TCGA-VM-A8CF"
0.127,0.062,0.052,-0.065,-0.033,0.106,-0.046,-0.034,-0.202,-0.01,0.037,-0.023,-0.238,0.01,0.105,-0.152,0.074,-0.23,0.009,0.016,"TCGA-WY-A85C"
0.116,0.055,0.013,-0.014,-0.002,0.105,-0.041,0.032,-0.073,0.042,-0.093,-0.129,0.349,0.791,-0.179,-0.162,0.08,-0.103,-0.037,0.122,"TCGA-TM-A84I"
0.118,0.056,-0.015,0.003,-0.005,0.186,-0.037,0.019,-0.292,0.014,0.059,-0.04,0.013,-0.187,-0.278,-0.166,0.052,-0.103,0.034,-0.017,"TCGA-WY-A859"
0.102,0.057,0.006,-0.028,0.218,0.335,-0.032,0.003,-0.379,-0.114,0.07,-0.009,-0.2,0.027,0.025,-0.174,0.06,-0.231,0.028,-0.053,"TCGA-F6-A8O4"
0.151,0.037,0.013,-0.003,0.021,0.092,-0.002,0.001,-0.24,0.036,0.086,-0.012,-0.05,0.027,0.117,-0.101,0.067,-0.211,0.041,-0.107,"TCGA-W9-A837"
0.084,0.084,0,-0.109,-0.045,0.031,-0.007,0.019,-0.2,0.028,0.055,-0.035,-0.063,0.058,0.154,-0.122,0.094,-0.138,0.018,-0.227,"TCGA-TM-A84G"
0.093,0.068,-0.034,-0.076,-0.028,0.097,0.012,0.103,-0.22,0.058,0.036,0.042,-0.063,0.011,-0.105,-0.182,0.092,-0.191,0.041,0.1,"TCGA-WY-A85B"
0.042,0.035,-0.038,-0.086,-0.112,0.175,0.177,0.04,-1.457,0.101,-0.085,0.033,-0.041,0.086,0.155,-0.552,0.12,-0.152,-0.032,0.031,"TCGA-S9-A89Z"
0.054,0.093,-0.018,-0.026,-0.044,0.041,0.054,0.069,-0.031,0.15,0.075,0.069,-0.065,0.016,0.1,-0.14,0.092,-0.189,-0.114,-0.12,"TCGA-S9-A89V"
0.096,0.077,0,-0.035,-0.039,0.013,0.03,0.012,-0.081,0.003,0.084,0.009,-0.052,0.044,0.093,-0.164,0.088,-0.191,-0.041,0.066,"TCGA-RY-A843"
0.046,0.096,-0.021,-0.108,-0.007,0.034,0.003,0.027,-0.045,0.036,0.071,0.001,-0.017,0.055,0.069,-0.124,0.081,-0.217,-0.048,0.057,"TCGA-TM-A84C"
0.104,0.081,0.004,-0.059,-0.061,0.055,-0.072,0.019,-0.142,0.047,0.098,0.025,-0.082,-0.009,0.177,-0.123,0.1,-0.293,0.154,0.051,"TCGA-VM-A8CH"
0.123,0.151,-0.022,-0.033,-0.013,0.122,0.012,0.141,-0.123,0.013,0.051,0.01,-0.099,0.076,0.136,-0.238,0.129,-0.166,0.012,0.036,"TCGA-TM-A84Q"
0.073,0.136,0.077,-0.037,-0.033,0.068,0.03,0.039,-0.155,-0.141,-0.089,0.103,-0.11,0.014,0.039,-0.074,-0.383,-0.217,0.053,-0.01,"TCGA-TM-A84J"
0.237,0.067,-0.002,0.269,0.237,0.297,-0.016,0.039,0.038,0.069,-0.23,0.018,-0.045,0.727,0.305,-0.074,0.094,-0.268,0.042,-0.035,"TCGA-TM-A84B"
0.088,0.051,0.008,0.965,0.14,0.193,0.014,0.017,-0.508,0.064,-0.106,-0.028,-0.093,0.015,0.078,-0.352,0.082,-0.28,-0.295,-0.025,"TCGA-FG-A87Q"
0.106,0.168,0.013,0.013,0.048,-0.01,0,-0.014,-0.664,0.106,-0.108,0.027,-0.051,0.022,0.185,-0.365,0.083,-0.505,-0.27,-0.032,"TCGA-VM-A8CD"
0.163,0.053,-0.016,0.128,0.162,0.251,-0.046,0.042,-0.147,0.236,0.065,-0.004,0.031,0.021,0.111,-0.196,0.084,-0.204,-0.047,0.022,"TCGA-WY-A85E"
0.102,0.043,0.01,-0.072,-0.038,0.067,0.005,0.051,0.039,0.03,0.094,-0.004,-0.066,0.111,0.039,-0.159,0.09,-0.231,-0.139,0.051,"TCGA-WY-A85A"
0.14,0.052,0.023,-0.086,-0.044,0.013,0.005,0.056,-1.827,0.309,0.2,-0.012,-0.101,0.04,0.145,-0.061,0.103,-0.143,0.058,0.253,"TCGA-FG-A87N"
0.04,0.072,0.014,-0.043,-0.088,-0.012,-0.038,0.01,-0.057,-0.005,0.044,0.072,-0.143,0.107,0.095,-0.394,0.02,-0.24,-0.028,0.044,"TCGA-TM-A84F"
0.104,0,0,-0.032,-0.01,-0.033,-0.018,0.022,-0.027,0.055,0.113,-0.018,-0.025,0.006,0.031,-0.142,0.039,-0.224,-0.038,-0.106,"TCGA-RY-A847"
0.103,0.053,0.038,-0.011,-0.057,0.007,-0.002,0.041,-0.054,0.121,-0.202,0.025,-0.053,0.084,0.05,-0.119,0.072,-0.205,-0.06,-0.021,"TCGA-WY-A85D"
0.187,0.08,0.094,-0.047,-0.114,0.041,0.06,0.078,-0.128,0,0.025,0.065,-0.242,0,0.077,-0.086,0.12,-0.043,0.015,-0.142,"TCGA-VM-A8CA"
0.16,0.143,0.013,-0.046,-0.036,0.016,-0.013,0.069,-0.006,0.074,0.093,0.04,-0.136,-0.141,0.068,-0.107,0.088,-0.257,-0.078,-0.272,"TCGA-VM-A8CB"
0.135,0.048,0.057,-0.016,-0.011,0.115,-0.047,0.211,-1.492,0.102,-0.109,-0.004,-0.17,0.041,0.079,-0.277,0.026,-0.153,-0.037,-0.027,"TCGA-RY-A83Z"
0.053,0.129,0.025,-0.021,-0.055,0.264,-0.047,0.02,-0.026,0.033,0.12,-0.001,-0.117,0.119,0.047,-0.481,0.038,-0.302,-0.033,0.047,"TCGA-TM-A84L"
0.118,0.062,-0.019,-0.084,-0.064,0.257,-0.027,0.02,-0.061,-0.072,0.042,-0.052,-0.21,0.057,0.055,-0.12,0.083,-0.129,-0.006,0.064,"TCGA-QH-A870"
0.047,-0.018,-0.043,-0.043,-0.006,0.045,-0.027,-0.008,0.012,-0.017,0.09,-0.026,0.001,0.07,0.048,-0.194,0.018,-0.081,0.001,-0.045,"TCGA-TM-A84R"
0.159,0.043,0.002,0.125,0.191,0.242,-0.035,0.014,-0.15,0.028,0.131,0.003,-0.181,-0.008,-0.039,-0.105,0.099,-0.391,-0.013,-0.097,"TCGA-RY-A845"
0.146,0.114,0.019,-0.134,-0.1,-0.02,0.2,0.148,-0.238,-0.013,-0.021,0.024,-0.078,0.162,0.073,-0.188,0.115,-0.315,-0.048,-0.324,"TCGA-F6-A8O3"
0.093,0.069,-0.019,-0.174,-0.106,0.016,0.081,0.061,-0.148,-0.007,-0.212,-0.052,-0.14,0.075,0.14,-0.179,0.144,-0.107,-0.003,-0.254,"TCGA-RY-A83X"
0.012,0.113,-0.032,-0.149,-0.141,0.05,0.025,0.006,-0.151,-0.035,-0.015,-0.001,-0.147,0.004,0.16,-0.084,0.128,-0.215,0.028,-0.223,"TCGA-VV-A829"
0.073,0.125,0.092,0.898,0.146,0.163,0.067,0.029,-0.032,0.086,-0.225,0.017,-0.136,0.727,0.038,-0.1,0.088,-0.157,-0.023,0.086,"TCGA-VW-A8FI"
0.085,0.077,0.036,-0.027,-0.099,0.047,0.013,0.077,-0.187,0.022,0.065,0.162,-0.107,0.055,0.195,-0.148,0.132,-0.237,0.043,-0.322,"TCGA-RY-A840"
0.075,0.044,-0.008,-0.101,-0.094,0.029,0.026,0.047,-0.177,0.039,0.012,-0.034,-0.049,0.08,0.197,-0.127,0.126,-0.193,-0.063,-0.18,"TCGA-TM-A84O"
0.023,0.123,-0.025,-0.068,-0.097,0.084,0.039,0.222,-0.217,-0.108,0.013,-0.02,-0.075,0.047,0.138,-0.186,0.135,-0.247,-0.04,0.087,"TCGA-TM-A84T"
0.072,0.047,-0.018,-0.108,-0.102,0.033,0.059,0.053,-0.57,-0.07,-0.003,-0.005,-0.155,0.061,0.174,-0.135,0.153,-0.142,-0.032,-0.024,"TCGA-VV-A86M"
0.086,0.055,-0.062,-0.083,-0.083,0.138,0.095,0.1,-0.22,0.005,-0.046,0.008,-0.057,0.042,0.214,-0.222,0.089,-0.041,0.021,-0.016,"TCGA-WY-A858"
0.145,0.064,-0.042,-0.166,-0.093,-0.009,0.06,0.059,-0.042,-0.123,0.004,-0.026,-0.163,0.067,0.202,-0.083,0.133,-0.155,-0.071,0.049,"TCGA-VM-A8C9"
0.082,0.079,0.003,-0.007,-0.104,0.027,-0.082,0.025,-0.199,0.034,-0.157,0.032,0.277,-0.188,-0.228,-0.053,0.025,-0.36,-0.032,0.028,"TCGA-06-A7TL"
0.111,0.001,0.016,0.198,0.141,0.198,-0.036,-0.052,0.016,0.181,-0.074,0.026,-0.074,0.624,1.518,-0.321,0.052,-0.35,-0.114,0.046,"TCGA-06-A7TK"
0.073,0.001,-0.057,0.161,0.116,0.215,-0.021,-0.01,-1.364,0.199,-0.047,0.006,-0.112,-0.082,-0.03,-0.16,-0.304,-0.276,-0.074,0.016,"TCGA-4W-AA9R"
0.115,0.07,0.056,0.978,0.14,0.165,-0.06,-0.045,-0.325,0.079,0.007,-0.014,-0.183,-0.073,-0.073,-0.037,-0.002,-0.362,-0.102,0.044,"TCGA-4W-AA9T"
0.092,0.115,0.02,1.113,0.185,0.361,-0.017,0,-2.727,0.107,-0.317,-0.007,-0.17,-0.037,-0.047,-0.429,0.08,-0.142,-0.06,0.014,"TCGA-26-A7UX"
0.031,0.092,0.082,0.224,0.203,0.232,-0.035,0,-1.202,0.078,-0.181,0.01,-0.118,-0.056,0.039,-0.408,-0.172,-0.563,-0.235,0.016,"TCGA-4W-AA9S"
0.023,0.004,-0.028,-0.011,0.063,0.117,0.005,0.002,-0.104,-0.068,0.041,-0.049,-0.168,0.016,-0.002,-0.155,0.065,-0.181,0.005,-0.026,"TCGA-DU-7011"
0.053,0.017,-0.029,-0.041,-0.048,-0.024,-0.001,0.023,0.049,-0.014,0.064,-0.004,0.033,-0.008,0.035,0.007,0.006,-0.03,0.046,-0.308,"TCGA-DU-6394"
0.052,0.026,0.021,-0.051,-0.037,0.071,-0.006,0.016,-0.091,-0.121,0.028,0.016,-0.012,0.005,0.016,-0.016,0.023,-0.057,0.053,-0.287,"TCGA-DU-6397"
0.047,0.007,0.017,0.106,0.18,0.246,0.01,0.005,-0.648,-0.012,-0.137,-0.025,-0.06,0.011,-0.014,-0.034,0.039,-0.025,-0.046,0.154,"TCGA-DU-6402"
0.145,0.023,-0.045,-0.03,0.04,0.005,-0.037,0.027,0.111,0.036,0.119,0.04,0.037,0.109,0.151,0.036,0.076,-0.041,-0.025,-0.286,"TCGA-HT-7608"
0.109,-0.031,-0.029,1.041,0.309,0.295,-0.015,0.011,-1.741,0,-0.256,-0.082,-0.023,0.004,0.108,0.037,0.063,-0.006,-0.085,0.136,"TCGA-06-0125"
0.227,-0.133,-0.12,1.282,0.253,0.286,-0.041,0.012,0.036,0.084,-0.21,0.012,0.003,0.917,1.539,-0.136,-0.089,-0.219,-0.157,0.222,"TCGA-06-0152"
0.132,0.006,-0.032,0.135,0.208,0.136,-0.158,-0.177,-0.662,0,-0.163,-0.047,-0.046,0.011,0.09,-0.018,0.023,-0.086,-0.05,0.01,"TCGA-06-0171"
0.078,-0.013,-0.03,1.033,0.805,0.035,-0.031,0.03,-0.888,0.006,-0.134,-0.046,-0.039,-0.004,0.015,0.021,0.027,0.027,-0.061,0.171,"TCGA-14-1402"
0.057,0.022,-0.001,0.164,0.166,0.211,-0.016,0.029,-0.203,0.011,-0.131,-0.227,-0.142,-0.057,-0.039,-0.223,-0.076,-0.226,-0.175,0.082,"TCGA-06-0190"
0.066,0.023,0.021,0.766,0.015,0.118,-0.221,-0.271,-0.433,-0.257,-0.196,-0.004,-0.055,0.021,0.028,-0.309,0.041,-0.021,-0.036,0.012,"TCGA-14-0736"
0.101,-0.008,0,0.122,0.193,0.269,0.014,0.019,-0.629,-0.264,-0.143,-0.028,-0.06,-0.046,0.008,0.025,0.059,-0.001,-0.025,-0.032,"TCGA-06-0210"
0.105,0.102,0.1,0.218,0.269,0.299,0.016,0.014,0.075,0.027,-0.211,-0.047,-0.083,0.764,1.435,-0.053,0.046,-0.035,-0.003,-0.104,"TCGA-19-0957"
0.104,-0.005,-0.006,0.936,0.195,0.315,0.034,0.078,-0.719,-0.023,-0.159,-0.042,-0.041,0.027,0.055,-0.089,0.008,-0.136,-0.124,0.085,"TCGA-06-0211"
0.093,0.021,-0.004,0.133,0.134,0.191,-0.053,-0.016,-0.24,0.016,-0.069,-0.038,-0.038,0.008,0.085,-0.114,0.047,-0.21,-0.049,0.027,"TCGA-19-1389"
0.083,0.244,-0.032,-0.081,0.92,0.346,0.018,0.061,-0.23,0.024,-0.013,-0.007,-0.107,0.661,0.055,-0.308,0.049,-0.034,-0.038,0.071,"TCGA-06-0221"
